,cursor_vis,midpoint_vis,endpoint_vis,cursor_sig,cursor_mp_sig,cursor_ep_sig,clamp,rot,trial,cycle,target_angle,instruct_phase,instruct_state,endpoint_theta,movement_time,movement_initiation_time
0,0.0,0.0,0.0,0.0,0.0,0.0,0.0,2.004939119519153,1,1,135,"Please slice through the target as quickly and accurately as possible.
You will not see the cursor during this phase.",1.0,149.21315973698003,0.10012470000037865,0.5332429999998567
0,0.0,0.0,0.0,0.0,0.0,0.0,0.0,1.1516263069394836,2,1,60,,1.0,52.519570325189484,0.11614779999990787,0.4671349000000191
0,0.0,0.0,0.0,0.0,0.0,0.0,0.0,-0.9280648982652816,3,1,45,,1.0,41.33481535138759,0.10008809999999357,0.4331280000001243
0,0.0,0.0,0.0,0.0,0.0,0.0,0.0,0.3926864646503241,4,1,75,,1.0,75.35262472763701,0.09975699999995413,0.4669888999997056
0,0.0,0.0,0.0,0.0,0.0,0.0,0.0,-5.284336165318584,5,1,105,,1.0,126.20510303455667,0.13350360000004002,0.5001704000001155
0,0.0,0.0,0.0,0.0,0.0,0.0,0.0,-8.95167428067649,6,1,90,,1.0,88.47247455778707,0.11750720000009096,0.666310600000088
0,0.0,0.0,0.0,0.0,0.0,0.0,0.0,0.3387890997248675,7,1,120,,1.0,144.96967195367517,0.11698230000001786,0.48325500000009924
0,0.0,0.0,0.0,0.0,0.0,0.0,0.0,4.038717090025367,8,2,60,,1.0,44.8948702473145,0.11573940000016592,0.4975750000003245
0,0.0,0.0,0.0,0.0,0.0,0.0,0.0,0.3879615322872206,9,2,120,,1.0,143.54760905272988,0.11661610000010114,0.4672944999997526
0,0.0,0.0,0.0,0.0,0.0,0.0,0.0,-2.1855783708984755,10,2,45,,1.0,41.99738936596063,0.14995280000039202,0.44961130000001504
0,0.0,0.0,0.0,0.0,0.0,0.0,0.0,-2.6268851393139965,11,2,135,,1.0,145.24408744645862,0.08317579999993541,0.4675090000000637
0,0.0,0.0,0.0,0.0,0.0,0.0,0.0,3.9187452725911074,12,2,90,,1.0,78.63019734974189,0.13317379999989498,0.4667301999998017
0,0.0,0.0,0.0,0.0,0.0,0.0,0.0,-0.5982546853906968,13,2,105,,1.0,121.25432738104159,0.1350772999999208,0.533648500000254
0,0.0,0.0,0.0,0.0,0.0,0.0,0.0,-1.014189789537819,14,2,75,,1.0,57.724355685422374,0.1331374000001233,0.483827200000178
0,1.0,0.0,1.0,0.0,0.0,0.0,0.0,-3.9366075118983286,15,1,75,"You will now only see the cursor throughout your entire reach.
Please continue to slice through the target as quickly and accurately as possible.",1.0,59.313300203604804,0.1000862999999299,0.4999937000002319
0,1.0,0.0,1.0,0.0,0.0,0.0,0.0,-3.90753049144492,16,1,120,,1.0,123.17351551539484,0.1501017000000502,0.6174199000001863
0,1.0,0.0,1.0,0.0,0.0,0.0,0.0,0.3535904575110981,17,1,90,,1.0,88.45601321020249,0.15062410000018644,0.46671299999979965
0,1.0,0.0,1.0,0.0,0.0,0.0,0.0,-2.2873446307592658,18,1,60,,1.0,53.3929251873925,0.11702130000003308,0.47931889999972555
0,1.0,0.0,1.0,0.0,0.0,0.0,0.0,-0.1604372302985763,19,1,105,,1.0,119.5062331268324,0.13345869999966453,0.6674508000000969
0,1.0,0.0,1.0,0.0,0.0,0.0,0.0,-1.795943012377827,20,1,135,,1.0,139.9697407281103,0.11746469999980036,0.5165821999999025
0,1.0,0.0,1.0,0.0,0.0,0.0,0.0,3.8928509187164457,21,1,45,,1.0,40.756147726101965,0.13366779999978462,0.4634045999996488
0,1.0,0.0,1.0,0.0,0.0,0.0,0.0,10.5912248321303,22,2,60,,1.0,54.884124007522075,0.13386169999967024,0.5498772999999346
0,1.0,0.0,1.0,0.0,0.0,0.0,0.0,0.8982655004600589,23,2,105,,1.0,120.11373315098245,0.133809200000087,0.5500004000000445
0,1.0,0.0,1.0,0.0,0.0,0.0,0.0,3.974499494663191,24,2,75,,1.0,68.355564859286,0.14920340000026044,0.45095579999997426
0,1.0,0.0,1.0,0.0,0.0,0.0,0.0,2.242899885822558,25,2,90,,1.0,85.92598390411707,0.13405080000029557,0.44897190000028786
0,1.0,0.0,1.0,0.0,0.0,0.0,0.0,-1.021583742512178,26,2,45,,1.0,41.79648904680219,0.11689299999989089,0.5167377999996461
0,1.0,0.0,1.0,0.0,0.0,0.0,0.0,-4.541794433210291,27,2,135,,1.0,134.02530761540163,0.13414330000023256,0.5301786999998512
0,1.0,0.0,1.0,0.0,0.0,0.0,0.0,-2.9235295618491395,28,2,120,,1.0,127.61597522966377,0.1315178999998352,0.5021144999996068
0,0.0,0.0,1.0,0.0,0.0,0.0,0.0,5.963829607223796,29,1,105,"You will now only see the cursor only at the endpoint of your reach.
Please continue to slice through the target as quickly and accurately as possible.",1.0,118.59750854061774,0.1498343999996905,0.5834637000002658
0,0.0,0.0,1.0,0.0,0.0,0.0,0.0,3.640259322577132,30,1,120,,1.0,138.53741942998752,0.11638889999994717,0.783620300000166
0,0.0,0.0,1.0,0.0,0.0,0.0,0.0,-3.607861110313611,31,1,75,,1.0,64.5024485066622,0.11664199999995617,0.5334502999999131
0,0.0,0.0,1.0,0.0,0.0,0.0,0.0,-9.004006548326446,32,1,90,,1.0,82.41598861857787,0.1007502000002205,0.5166446999996879
0,0.0,0.0,1.0,0.0,0.0,0.0,0.0,5.108980964483004,33,1,45,,1.0,34.57928760320549,0.10037990000000718,0.5331387000001087
0,0.0,0.0,1.0,0.0,0.0,0.0,0.0,2.13867540770932,34,1,135,,1.0,139.7927307622731,0.13318669999989652,0.667116999999962
0,0.0,0.0,1.0,0.0,0.0,0.0,0.0,-2.0350850956682023,35,1,60,,1.0,48.31094151461145,0.11666289999993751,0.4838150000000496
0,0.0,0.0,1.0,0.0,0.0,0.0,0.0,-5.410917572862018,36,2,105,,1.0,119.89245541880456,0.15047099999992497,0.683600899999874
0,0.0,0.0,1.0,0.0,0.0,0.0,0.0,-0.9583579263191958,37,2,135,,1.0,147.163120032191,0.13286359999983688,0.7309132000000318
0,0.0,0.0,1.0,0.0,0.0,0.0,0.0,-2.310727333189931,38,2,75,,1.0,67.7881693135538,0.13459160000002157,0.7000370000000657
0,0.0,0.0,1.0,0.0,0.0,0.0,0.0,2.5848126397170006,39,2,90,,1.0,87.50321915076367,0.11704119999967588,0.5499268999997184
0,0.0,0.0,1.0,0.0,0.0,0.0,0.0,3.896097976321372,40,2,45,,1.0,40.15259260943228,0.1331990999997288,0.4840529999996761
0,0.0,0.0,1.0,0.0,0.0,0.0,0.0,3.3110537931493016,41,2,60,,1.0,49.92514486964063,0.09935250000035012,0.500754500000312
0,0.0,0.0,1.0,0.0,0.0,0.0,0.0,-1.7049884880798245,42,2,120,,1.0,136.01298288061085,0.11616649999996298,0.7006708000003528
0,0.0,0.0,0.0,0.0,0.0,0.0,0.0,1.8722081308390777,43,1,135,"You will now only see the cursor at the endpoint of your reach on some trials.
On the other trials you will not recieve feedback at all.
Please continue to slice through the target as quickly and accurately as possible.",1.0,147.99461679191648,0.0996037999998407,0.7007991000000402
0,0.0,0.0,1.0,0.0,0.0,0.0,0.0,-4.100005725052998,44,1,90,,1.0,82.40535663140855,0.1167793999998139,0.4338969000000361
0,0.0,0.0,0.0,0.0,0.0,0.0,0.0,0.5027274532040032,45,1,75,,1.0,55.04658014110765,0.1159207000000606,0.4671803999999611
0,0.0,0.0,1.0,0.0,0.0,0.0,0.0,-3.8093886712739935,46,1,60,,1.0,49.380562296858095,0.11691680000012639,0.43305659999987256
0,0.0,0.0,0.0,0.0,0.0,0.0,0.0,4.740729514102686,47,1,105,,1.0,120.29035336685652,0.1502888999998504,0.5501789999998437
0,0.0,0.0,0.0,0.0,0.0,0.0,0.0,-1.0110412068115089,48,1,45,,1.0,34.60567555163856,0.11583990000008271,0.45119770000019344
0,0.0,0.0,1.0,0.0,0.0,0.0,0.0,3.680403878432848,49,1,120,,1.0,132.6093180402816,0.11719730000004347,0.566805899999963
0,0.0,0.0,1.0,0.0,0.0,0.0,0.0,3.453314267996366,50,2,45,,1.0,37.761476862407065,0.15008540000007997,0.549737599999844
0,0.0,0.0,1.0,0.0,0.0,0.0,0.0,-10.834605296042996,51,2,135,,1.0,145.813877513625,0.1174485999999888,0.5503003000003446
0,0.0,0.0,0.0,0.0,0.0,0.0,0.0,-0.421712058943156,52,2,120,,1.0,134.8865431591601,0.35010109999984707,0.38308299999971496
0,0.0,0.0,1.0,0.0,0.0,0.0,0.0,-3.672399954367059,53,2,90,,1.0,83.48898055659936,0.1165696999996726,0.6499097999999321
0,0.0,0.0,0.0,0.0,0.0,0.0,0.0,-3.000444511256754,54,2,75,,1.0,64.71848384447424,0.20039180000003398,0.5168760999999904
0,0.0,0.0,1.0,0.0,0.0,0.0,0.0,7.236187189831958,55,2,105,,1.0,127.29165963913421,0.09998059999998077,0.5666260999996666
0,0.0,0.0,0.0,0.0,0.0,0.0,0.0,0.3539292238699369,56,2,60,,1.0,47.70572691736663,0.11613469999974768,0.4671061000003647
0,0.0,0.0,0.0,0.0,0.0,0.0,1.0,30.016687937869545,57,1,120,"You will now be asked to reach to targets that you have not yet reached to.
You will not receive feedback of any kind for these reaches.Please continue to slice through the target as quickly and accurately as possible.",1.0,138.24364031669236,0.11715340000000651,0.4173454000001584
0,0.0,0.0,0.0,0.0,0.0,0.0,1.0,33.962630532828726,58,1,75,,1.0,55.939091183192154,0.11775560000023688,0.38305910000008225
0,0.0,0.0,1.0,0.0,0.0,0.0,1.0,32.31504197802197,59,1,105,,1.0,123.26016183222902,0.14997409999978117,0.5168516000003365
0,0.0,0.0,0.0,0.0,0.0,0.0,1.0,35.00489861963634,60,1,45,,1.0,34.95584101192552,0.14931399999977657,0.500862099999722
0,0.0,0.0,1.0,0.0,0.0,0.0,1.0,29.867619813878832,61,1,105,,1.0,121.32313394868771,0.09968530000014653,0.4671419999999671
0,0.0,0.0,0.0,0.0,0.0,0.0,1.0,33.559064094605496,62,1,135,,1.0,149.89678900665388,0.11662410000008094,0.5503746999997929
0,0.0,0.0,1.0,0.0,0.0,0.0,1.0,26.525995727577538,63,1,105,,1.0,117.56512530520072,0.10010370000009061,0.5162984999997207
0,0.0,0.0,1.0,0.0,0.0,0.0,1.0,32.47161243432406,64,1,105,,1.0,120.66456458047989,0.11609820000012405,0.5507250000000568
0,0.0,0.0,0.0,0.0,0.0,0.0,1.0,37.0067914383269,65,1,90,,1.0,88.13388035667704,0.2661651000003076,0.4502496999998584
0,0.0,0.0,1.0,0.0,0.0,0.0,1.0,34.24935432901885,66,1,105,,1.0,123.73532484635656,0.11611229999971329,0.5341504000002715
0,0.0,0.0,0.0,0.0,0.0,0.0,1.0,26.29963782198404,67,1,60,,1.0,50.1731688792066,0.11642310000024736,0.41495279999980994
0,0.0,0.0,1.0,0.0,0.0,0.0,1.0,28.28023993726492,68,1,105,,1.0,125.83096889230288,0.13367779999998675,0.5164074000003893
0,0.0,0.0,0.0,0.0,0.0,0.0,1.0,26.21899048243875,69,2,75,,1.0,57.10180712982666,0.09996060000003126,0.45026800000005096
0,0.0,0.0,0.0,0.0,0.0,0.0,1.0,30.87756864888332,70,2,60,,1.0,48.77110300771277,0.11657079999986308,0.44967049999968367
0,0.0,0.0,1.0,0.0,0.0,0.0,1.0,31.623417280631557,71,2,105,,1.0,122.15611715311798,0.11621639999975741,0.43392649999987043
0,0.0,0.0,1.0,0.0,0.0,0.0,1.0,36.46439301372849,72,2,105,,1.0,118.45397998491934,0.11641400000007707,0.5502127999998265
0,0.0,0.0,0.0,0.0,0.0,0.0,1.0,28.807282348718136,73,2,90,,1.0,84.81934742754027,0.14974190000020826,0.4500014000000192
0,0.0,0.0,1.0,0.0,0.0,0.0,1.0,29.66753932671367,74,2,105,,1.0,124.76370083344536,0.1338858999997683,0.516635199999655
0,0.0,0.0,1.0,0.0,0.0,0.0,1.0,29.309638773950294,75,2,105,,1.0,114.62963489732992,0.1334543000002668,0.5330469999998968
0,0.0,0.0,0.0,0.0,0.0,0.0,1.0,28.2871805115444,76,2,135,,1.0,142.3231728990536,0.11643000000003667,0.48339679999980945
0,0.0,0.0,1.0,0.0,0.0,0.0,1.0,36.2211083152115,77,2,105,,1.0,114.35449010706459,0.15042720000019472,0.5496571000003314
0,0.0,0.0,1.0,0.0,0.0,0.0,1.0,35.06721127290681,78,2,105,,1.0,119.88373780670283,0.13306650000004083,0.516099899999972
0,0.0,0.0,0.0,0.0,0.0,0.0,1.0,33.14233374428353,79,2,45,,1.0,40.08226466850364,0.11455720000003566,0.5191368000000693
0,0.0,0.0,0.0,0.0,0.0,0.0,1.0,33.68110191048224,80,2,120,,1.0,129.8613243469804,0.11631850000003396,0.650381699999798
0,0.0,0.0,1.0,0.0,0.0,0.0,1.0,28.99642332696453,81,3,105,,1.0,116.13793400214887,0.09951690000025337,0.5337477999996736
0,0.0,0.0,1.0,0.0,0.0,0.0,1.0,29.52337344006356,82,3,105,,1.0,117.28695292231147,0.09953679999989617,0.8340739999998732
0,0.0,0.0,0.0,0.0,0.0,0.0,1.0,36.70559229625621,83,3,75,,1.0,67.3568913292943,0.11655360000031578,0.6000176000002284
0,0.0,0.0,1.0,0.0,0.0,0.0,1.0,32.277407187096,84,3,105,,1.0,118.03877858291716,0.11613579999993817,0.5000420000001213
0,0.0,0.0,1.0,0.0,0.0,0.0,1.0,35.52297795676341,85,3,105,,1.0,122.2096733828641,0.11664739999969242,0.5498932999998942
0,0.0,0.0,0.0,0.0,0.0,0.0,1.0,30.151263760132288,86,3,60,,1.0,51.34019174590991,0.38318059999983234,0.21665660000007847
0,0.0,0.0,0.0,0.0,0.0,0.0,1.0,22.27507666796854,87,3,120,,1.0,130.7676099384417,0.1330695999999989,0.5334729000001062
0,0.0,0.0,1.0,0.0,0.0,0.0,1.0,30.174742370319077,88,3,105,,1.0,111.39289035198145,0.2335110999997596,0.3666891000002579
0,0.0,0.0,1.0,0.0,0.0,0.0,1.0,25.666536937064397,89,3,105,,1.0,114.59979060515748,0.10002549999990151,0.5170861999999943
0,0.0,0.0,0.0,0.0,0.0,0.0,1.0,29.835765715493643,90,3,45,,1.0,40.38612910251158,0.09960759999967195,0.5343048000004273
0,0.0,0.0,0.0,0.0,0.0,0.0,1.0,24.697265763274416,91,3,135,,1.0,143.5202718775539,0.09977300000036848,0.5669311000001471
0,0.0,0.0,0.0,0.0,0.0,0.0,1.0,32.713322780418366,92,3,90,,1.0,88.20072427586592,0.09965120000015304,0.48363130000007004
0,0.0,0.0,1.0,0.0,0.0,0.0,1.0,27.60708303870562,93,4,105,,1.0,125.48519312313111,0.10019009999996342,0.5004264999997758
0,0.0,0.0,1.0,0.0,0.0,0.0,1.0,16.831330104533926,94,4,105,,1.0,113.64804389045028,0.09981240000024627,0.5002798000000439
0,0.0,0.0,1.0,0.0,0.0,0.0,1.0,22.23917449486621,95,4,105,,1.0,124.10558160780975,0.3161789000000681,0.33331120000002556
0,0.0,0.0,0.0,0.0,0.0,0.0,1.0,26.572392890529997,96,4,90,,1.0,89.49741833327899,0.13287700000000768,0.4839846999998372
0,0.0,0.0,0.0,0.0,0.0,0.0,1.0,31.63485374276238,97,4,120,,1.0,136.3639275316029,0.11717810000027384,0.6002234000002318
0,0.0,0.0,1.0,0.0,0.0,0.0,1.0,28.702480081845685,98,4,105,,1.0,120.91327568212853,0.11650559999998222,0.5840095999997175
0,0.0,0.0,0.0,0.0,0.0,0.0,1.0,30.9372013331693,99,4,45,,1.0,35.62388865004486,0.1498301999999967,0.5806468000000677
0,0.0,0.0,1.0,0.0,0.0,0.0,1.0,34.60757507209216,100,4,105,,1.0,123.42744547131518,0.11637989999962883,0.6835862000002635
0,0.0,0.0,0.0,0.0,0.0,0.0,1.0,27.073502984143463,101,4,135,,1.0,149.1603138229667,0.1502690000002076,0.5169665999997051
0,0.0,0.0,0.0,0.0,0.0,0.0,1.0,28.69612761834124,102,4,60,,1.0,53.43486426457706,0.11703839999972843,0.4662217000000055
0,0.0,0.0,1.0,0.0,0.0,0.0,1.0,26.631592820771413,103,4,105,,1.0,121.15930450834439,0.11698799999976472,0.43355190000011135
0,0.0,0.0,0.0,0.0,0.0,0.0,1.0,23.311108545086448,104,4,75,,1.0,58.71734631836033,0.09981429999970715,0.4828855000000658
0,0.0,0.0,1.0,0.0,0.0,0.0,1.0,31.839896378503404,105,5,105,,1.0,117.36354692739171,0.11222869999983232,0.5545399000002362
0,0.0,0.0,0.0,0.0,0.0,0.0,1.0,27.856372068141276,106,5,135,,1.0,137.07502636141743,0.2505306999996719,0.4496993000002476
0,0.0,0.0,1.0,0.0,0.0,0.0,1.0,31.59955972530273,107,5,105,,1.0,123.5674661877507,0.483804500000133,1.6663352000000486
0,0.0,0.0,1.0,0.0,0.0,0.0,1.0,28.95858118677477,108,5,105,,1.0,117.60040436362293,0.1164533000001029,0.4003876000001583
0,0.0,0.0,1.0,0.0,0.0,0.0,1.0,29.599689809635382,109,5,105,,1.0,114.76389066135563,0.21677610000006098,0.4336281000000781
0,0.0,0.0,0.0,0.0,0.0,0.0,1.0,26.70970655386261,110,5,90,,1.0,81.80573666536979,0.14990099999977247,0.4333315999997467
0,0.0,0.0,0.0,0.0,0.0,0.0,1.0,31.806890087210785,111,5,120,,1.0,134.59508957121423,0.09952670000029684,0.5505620999997518
0,0.0,0.0,1.0,0.0,0.0,0.0,1.0,25.109616983666434,112,5,105,,1.0,122.038598149008,0.2999309000001631,0.40006259999972826
0,0.0,0.0,0.0,0.0,0.0,0.0,1.0,30.661014222022267,113,5,60,,1.0,47.213692677766,0.10008270000025732,0.5167152999997597
0,0.0,0.0,1.0,0.0,0.0,0.0,1.0,34.33191489775242,114,5,105,,1.0,123.146995832256,0.11663469999984954,0.5672999999997046
0,0.0,0.0,0.0,0.0,0.0,0.0,1.0,25.54865577141559,115,5,75,,1.0,62.66451411820766,0.09997580000026574,0.5164678999999524
0,0.0,0.0,0.0,0.0,0.0,0.0,1.0,40.05648882959767,116,5,45,,1.0,40.208630074861794,0.08275080000021262,0.45071029999962775
0,0.0,0.0,1.0,0.0,0.0,0.0,1.0,30.10856309582625,117,6,105,,1.0,120.87970410408575,0.11691109999992477,0.5334500999997545
0,0.0,0.0,1.0,0.0,0.0,0.0,1.0,25.2653421888241,118,6,105,,1.0,117.25119537491324,0.11663649999991321,0.5666160000000673
0,0.0,0.0,1.0,0.0,0.0,0.0,1.0,33.417621201427245,119,6,105,,1.0,120.26652800166252,0.13373060000003534,0.44989110000005894
0,0.0,0.0,1.0,0.0,0.0,0.0,1.0,34.02529062036067,120,6,105,,1.0,116.3112509344917,0.08367040000030102,0.460192300000017
0,0.0,0.0,0.0,0.0,0.0,0.0,1.0,30.00172514462528,121,6,120,,1.0,131.0730550245687,0.10015999999995984,0.5832295999998678
0,0.0,0.0,1.0,0.0,0.0,0.0,1.0,32.5397684586248,122,6,105,,1.0,119.04008045439126,0.11702009999999063,0.400499000000309
0,0.0,0.0,0.0,0.0,0.0,0.0,1.0,28.48509573785401,123,6,60,,1.0,52.125016348901795,0.10081099999979415,0.4821180999997523
0,0.0,0.0,0.0,0.0,0.0,0.0,1.0,25.64236445001037,124,6,45,,1.0,38.17555830311311,0.09995699999990393,0.43343400000003385
0,0.0,0.0,0.0,0.0,0.0,0.0,1.0,27.18925282284519,125,6,135,,1.0,144.27046491151998,0.36667750000015076,0.13339029999997365
0,0.0,0.0,1.0,0.0,0.0,0.0,1.0,29.898445652945668,126,6,105,,1.0,120.71529417144288,0.13311530000009952,0.4665860000000066
0,0.0,0.0,0.0,0.0,0.0,0.0,1.0,25.18801904275087,127,6,75,,1.0,70.32507641076529,0.44938109999975495,0.1335508000001937
0,0.0,0.0,0.0,0.0,0.0,0.0,1.0,25.579566935241036,128,6,90,,1.0,87.65312570751271,0.1167355000002317,0.48342860000002474
0,0.0,0.0,0.0,0.0,0.0,0.0,1.0,34.12054542603672,129,7,45,,1.0,32.2687345486303,0.1000754000001507,0.4832488000001831
0,0.0,0.0,0.0,0.0,0.0,0.0,1.0,30.08079379776564,130,7,90,,1.0,88.24211353857818,0.11394049999989875,0.4695548999998209
0,0.0,0.0,1.0,0.0,0.0,0.0,1.0,33.72569095745844,131,7,105,,1.0,122.0053832080835,0.0995586999997613,0.48327229999995325
0,0.0,0.0,0.0,0.0,0.0,0.0,1.0,34.227224386544535,132,7,75,,1.0,53.62216351043954,0.11722140000028958,0.4328298000000359
0,0.0,0.0,0.0,0.0,0.0,0.0,1.0,34.59668192692298,133,7,120,,1.0,137.16107948822636,0.5261224999999286,0.15749909999976808
0,0.0,0.0,0.0,0.0,0.0,0.0,1.0,25.391802819664427,134,7,60,,1.0,48.27048792318357,0.1164971000002879,0.6169551999996656
0,0.0,0.0,1.0,0.0,0.0,0.0,1.0,25.958701063572093,135,7,105,,1.0,129.91589659040557,0.09972549999974945,0.4998880000002828
0,0.0,0.0,1.0,0.0,0.0,0.0,1.0,35.2023521315956,136,7,105,,1.0,121.21840276434638,0.10027910000007978,0.45043900000018766
0,0.0,0.0,1.0,0.0,0.0,0.0,1.0,26.965535474766288,137,7,105,,1.0,128.3569258974188,0.16616330000033486,0.35009020000006785
0,0.0,0.0,0.0,0.0,0.0,0.0,1.0,33.33210520630772,138,7,135,,1.0,150.290695090608,0.09997310000017023,0.5001089000002139
0,0.0,0.0,1.0,0.0,0.0,0.0,1.0,23.99922130987544,139,7,105,,1.0,123.64582368959005,0.11685380000017176,0.40014860000019326
0,0.0,0.0,1.0,0.0,0.0,0.0,1.0,26.48262236406068,140,7,105,,1.0,117.73700353422083,0.13312720000021727,0.4829276000000391
0,0.0,0.0,1.0,0.0,0.0,0.0,1.0,35.117338512895344,141,8,105,,1.0,113.5560274368985,0.1332271999999648,0.5335927999999512
0,0.0,0.0,1.0,0.0,0.0,0.0,1.0,27.8553431393645,142,8,105,,1.0,119.44542872992561,0.21701750000011089,0.3668517000000975
0,0.0,0.0,0.0,0.0,0.0,0.0,1.0,30.401959121099164,143,8,60,,1.0,52.88642161390264,0.1332459000000199,0.4338127999999415
0,0.0,0.0,0.0,0.0,0.0,0.0,1.0,32.33998049146992,144,8,120,,1.0,139.7636416907262,0.10041339999997945,0.6498459999997976
0,0.0,0.0,0.0,0.0,0.0,0.0,1.0,32.76810629062927,145,8,75,,1.0,66.30076005185421,0.09951060000003054,0.517372400000113
0,0.0,0.0,1.0,0.0,0.0,0.0,1.0,23.529619463137568,146,8,105,,1.0,117.67880209299494,0.09985610000012457,0.5004758999998558
0,0.0,0.0,0.0,0.0,0.0,0.0,1.0,25.94528283105628,147,8,135,,1.0,153.31120003151554,0.11626470000010158,0.4341100000001461
0,0.0,0.0,0.0,0.0,0.0,0.0,1.0,26.67187053850988,148,8,90,,1.0,84.04412297900562,0.11636630000020887,0.4835490000000391
0,0.0,0.0,1.0,0.0,0.0,0.0,1.0,25.917071888505884,149,8,105,,1.0,120.2243326957388,0.10006839999959993,0.4998960000002626
0,0.0,0.0,1.0,0.0,0.0,0.0,1.0,33.36279382442343,150,8,105,,1.0,125.23243835703349,0.11592229999996562,0.5337494000000333
0,0.0,0.0,0.0,0.0,0.0,0.0,1.0,28.211971757375704,151,8,45,,1.0,38.008994373053994,0.11609960000032515,0.4837808000002042
0,0.0,0.0,1.0,0.0,0.0,0.0,1.0,29.528881749004192,152,8,105,,1.0,116.92314513640157,0.09954289999996035,0.534074000000146
0,0.0,0.0,0.0,0.0,0.0,0.0,1.0,31.81730007570277,153,9,45,,1.0,39.581043002329686,0.11624209999990853,0.6334977999999865
0,0.0,0.0,1.0,0.0,0.0,0.0,1.0,31.04423331993268,154,9,105,,1.0,123.17851165939275,0.08370349999995597,0.5499282000000676
0,0.0,0.0,1.0,0.0,0.0,0.0,1.0,33.05586077368505,155,9,105,,1.0,125.40195200301056,0.11681150000003981,0.5497771999998804
0,0.0,0.0,0.0,0.0,0.0,0.0,1.0,31.3582593088404,156,9,90,,1.0,87.79134007571841,0.11621650000006412,0.5337537000000339
0,0.0,0.0,0.0,0.0,0.0,0.0,1.0,28.795159310687755,157,9,120,,1.0,139.43103931291353,0.11635099999966769,0.5157188000002861
0,0.0,0.0,1.0,0.0,0.0,0.0,1.0,34.103829504707875,158,9,105,,1.0,132.70938995736148,0.11676760000000286,0.550329099999999
0,0.0,0.0,1.0,0.0,0.0,0.0,1.0,30.86493571429672,159,9,105,,1.0,125.00454386601236,0.11663449999969089,0.5172042999997757
0,0.0,0.0,0.0,0.0,0.0,0.0,1.0,31.57265331169487,160,9,75,,1.0,60.722965355477065,0.10019270000020697,0.4834173999997802
0,0.0,0.0,0.0,0.0,0.0,0.0,1.0,36.59987132858717,161,9,135,,1.0,150.73059143550566,0.0997349999997823,0.6170572999999422
0,0.0,0.0,1.0,0.0,0.0,0.0,1.0,27.03091544159957,162,9,105,,1.0,107.81412102075721,0.09974769999962518,0.5005656000003
0,0.0,0.0,1.0,0.0,0.0,0.0,1.0,29.611945354556514,163,9,105,,1.0,123.84955432217221,0.13303980000000593,0.5505941000001258
0,0.0,0.0,0.0,0.0,0.0,0.0,1.0,35.515714833292115,164,9,60,,1.0,49.78088387483196,0.08342950000042038,0.48398030000043946
0,0.0,0.0,1.0,0.0,0.0,0.0,1.0,26.11752821994544,165,10,105,,1.0,124.75334150667241,0.1002926999999545,0.4665650000001733
0,0.0,0.0,0.0,0.0,0.0,0.0,1.0,29.62905776060743,166,10,75,,1.0,70.18412361249167,0.09982639999998355,0.4834581000000071
0,0.0,0.0,0.0,0.0,0.0,0.0,1.0,27.75778681322158,167,10,45,,1.0,36.520182073149954,0.10022950000029596,0.4828972000000249
0,0.0,0.0,1.0,0.0,0.0,0.0,1.0,36.63521276425325,168,10,105,,1.0,124.11042520394828,0.1000448999998298,0.48350200000004406
0,0.0,0.0,1.0,0.0,0.0,0.0,1.0,30.79382808848711,169,10,105,,1.0,118.26713806234622,0.08289339999964795,0.5164949999998498
0,0.0,0.0,1.0,0.0,0.0,0.0,1.0,27.132515031035183,170,10,105,,1.0,121.82286034603268,0.09969479999972464,0.4833897000003162
0,0.0,0.0,0.0,0.0,0.0,0.0,1.0,26.712449702392973,171,10,120,,1.0,139.03492751613098,0.0855055000001812,0.4337604999996074
0,0.0,0.0,1.0,0.0,0.0,0.0,1.0,33.79258654869514,172,10,105,,1.0,126.20258929000896,0.18329300000004878,0.33347920000005615
0,0.0,0.0,0.0,0.0,0.0,0.0,1.0,23.560138100149487,173,10,135,,1.0,150.4656936235289,0.10072589999981574,0.44993399999975736
0,0.0,0.0,0.0,0.0,0.0,0.0,1.0,27.206895605966245,174,10,60,,1.0,47.96974842907613,0.09990609999977096,0.4833736000000499
0,0.0,0.0,1.0,0.0,0.0,0.0,1.0,22.693520117081807,175,10,105,,1.0,127.66139366376376,0.2168949000001703,0.400203799999872
0,0.0,0.0,0.0,0.0,0.0,0.0,1.0,25.80293748261336,176,10,90,,1.0,85.61288594153116,0.1166097999998783,0.4982657999998992
0,0.0,0.0,0.0,0.0,0.0,0.0,1.0,25.415223335483475,177,11,120,,1.0,138.79877147474159,0.09946010000021488,0.4840060999999878
0,0.0,0.0,0.0,0.0,0.0,0.0,1.0,33.83653604575472,178,11,45,,1.0,35.24452400240826,0.10010379999994257,0.4833223000000544
0,0.0,0.0,0.0,0.0,0.0,0.0,1.0,29.468659109613576,179,11,75,,1.0,60.53010490608621,0.10031260000005204,0.5162984999997207
0,0.0,0.0,0.0,0.0,0.0,0.0,1.0,30.07868999663054,180,11,60,,1.0,47.519389291206274,0.08337819999997009,0.4828539999998611
0,0.0,0.0,0.0,0.0,0.0,0.0,1.0,31.80180416122777,181,11,135,,1.0,146.1130405359483,0.10244300000022122,0.5505912999997236
0,0.0,0.0,1.0,0.0,0.0,0.0,1.0,32.89854007576419,182,11,105,,1.0,124.4162593322918,0.11658859999988636,0.6840447999998105
0,0.0,0.0,1.0,0.0,0.0,0.0,1.0,36.05225092653467,183,11,105,,1.0,118.90091407200154,0.11667960000022504,0.4665959000003568
0,0.0,0.0,0.0,0.0,0.0,0.0,1.0,31.83945728663441,184,11,90,,1.0,81.82876644005025,0.11625069999990956,0.48405209999964427
0,0.0,0.0,1.0,0.0,0.0,0.0,1.0,30.666500160312264,185,11,105,,1.0,128.8269204704662,0.11710300000004281,0.499979500000336
0,0.0,0.0,1.0,0.0,0.0,0.0,1.0,33.342017476591465,186,11,105,,1.0,126.51937166608477,0.18356249999987995,0.46684400000003734
0,0.0,0.0,1.0,0.0,0.0,0.0,1.0,35.11061103787564,187,11,105,,1.0,120.72840321608133,0.1262923000003866,0.4571805000000495
0,0.0,0.0,1.0,0.0,0.0,0.0,1.0,28.919370872879195,188,11,105,,1.0,124.85665671014843,0.08267010000008668,0.4843703999999889
0,0.0,0.0,0.0,0.0,0.0,0.0,1.0,33.653641727506376,189,12,45,,1.0,41.43846691103688,0.09949210000013409,0.4830943000001753
0,0.0,0.0,0.0,0.0,0.0,0.0,1.0,30.90088419115284,190,12,90,,1.0,89.6894568104941,0.11646380000001955,0.4672272999996494
0,0.0,0.0,1.0,0.0,0.0,0.0,1.0,28.7995401575779,191,12,105,,1.0,129.51720219272875,0.11628999999993539,0.46719100000018443
0,0.0,0.0,1.0,0.0,0.0,0.0,1.0,24.726133630709437,192,12,105,,1.0,125.62388865004488,0.13333390000025247,0.5171946999998909
0,0.0,0.0,0.0,0.0,0.0,0.0,1.0,35.153332640907195,193,12,120,,1.0,141.36396592691605,0.09994869999991352,0.5160347999999431
0,0.0,0.0,1.0,0.0,0.0,0.0,1.0,32.61573946093724,194,12,105,,1.0,127.91807397602486,0.1166134999998576,0.6331691999998839
0,0.0,0.0,1.0,0.0,0.0,0.0,1.0,29.304213515305342,195,12,105,,1.0,123.76964494635716,0.11658499999975902,0.6336105000000316
0,0.0,0.0,1.0,0.0,0.0,0.0,1.0,30.86666467835144,196,12,105,,1.0,124.57082637973603,0.11603080000031696,0.6166444000000411
0,0.0,0.0,0.0,0.0,0.0,0.0,1.0,29.343489852776024,197,12,75,,1.0,59.344920603202766,0.13331039999957284,0.5166155000001709
0,0.0,0.0,0.0,0.0,0.0,0.0,1.0,25.802748539478195,198,12,135,,1.0,137.36802510071092,0.11716370000021925,0.6334251999996923
0,0.0,0.0,1.0,0.0,0.0,0.0,1.0,29.546170407155667,199,12,105,,1.0,112.64481955426437,0.09952620000012757,0.5836168999999245
0,0.0,0.0,0.0,0.0,0.0,0.0,1.0,31.32335869712072,200,12,60,,1.0,59.17457197635581,0.09933759999967151,0.4837006999996447
0,0.0,0.0,1.0,0.0,0.0,0.0,1.0,32.99878096003838,201,13,105,,1.0,121.56384001083482,0.2168308000000252,0.6499025999996775
0,0.0,0.0,0.0,0.0,0.0,0.0,1.0,31.515787993273747,202,13,60,,1.0,49.65215475858615,0.11677580000014132,0.5332101999997576
0,0.0,0.0,0.0,0.0,0.0,0.0,1.0,29.466297584608743,203,13,90,,1.0,90.0,0.15047749999985172,0.482664399999976
0,0.0,0.0,1.0,0.0,0.0,0.0,1.0,25.494784848367942,204,13,105,,1.0,123.13381529889911,0.09963870000001407,0.46625429999994594
0,0.0,0.0,0.0,0.0,0.0,0.0,1.0,27.128411651899736,205,13,75,,1.0,64.8367904434279,0.09951269999965007,0.4507260000000315
0,0.0,0.0,1.0,0.0,0.0,0.0,1.0,36.600634788388206,206,13,105,,1.0,117.89727103094764,0.11712500000021464,0.5003277000000708
0,0.0,0.0,0.0,0.0,0.0,0.0,1.0,30.365466108131,207,13,45,,1.0,40.93555421777319,0.11708150000004025,0.4668308000000252
0,0.0,0.0,1.0,0.0,0.0,0.0,1.0,33.256161034224675,208,13,105,,1.0,126.45364087337806,0.09926749999976892,0.5507354000001214
0,0.0,0.0,0.0,0.0,0.0,0.0,1.0,32.11343796457615,209,13,135,,1.0,145.2547189404245,0.0993161000001237,0.55066670000042
0,0.0,0.0,1.0,0.0,0.0,0.0,1.0,30.978437095795183,210,13,105,,1.0,117.4689144592732,0.10024299999986397,0.5003175000001647
0,0.0,0.0,0.0,0.0,0.0,0.0,1.0,33.14351213715743,211,13,120,,1.0,131.86522890428006,0.16693219999979192,0.5331608999999844
0,0.0,0.0,1.0,0.0,0.0,0.0,1.0,36.1657927682825,212,13,105,,1.0,115.25316339457389,0.10004790000039065,0.4999652999999853
0,0.0,0.0,0.0,0.0,0.0,0.0,1.0,26.85082386788492,213,14,135,,1.0,148.10366246139446,0.08369270000002871,0.6164917000000969
0,0.0,0.0,0.0,0.0,0.0,0.0,1.0,31.31965210102759,214,14,75,,1.0,69.08319619665728,0.09698070000013104,0.5367926999997508
0,0.0,0.0,0.0,0.0,0.0,0.0,1.0,30.201411502493844,215,14,45,,1.0,42.40649355521095,0.16608159999987038,0.36742199999980585
0,0.0,0.0,1.0,0.0,0.0,0.0,1.0,31.9272230752313,216,14,105,,1.0,116.9878905817485,0.0822000999996817,0.4680493999999271
0,0.0,0.0,1.0,0.0,0.0,0.0,1.0,36.71427224959584,217,14,105,,1.0,116.69512082767379,0.1322547999998278,0.5010868999997911
0,0.0,0.0,0.0,0.0,0.0,0.0,1.0,26.013705529528718,218,14,90,,1.0,86.42366562500266,0.11651009999968664,0.46444960000007995
0,0.0,0.0,1.0,0.0,0.0,0.0,1.0,35.580958048239765,219,14,105,,1.0,123.32461393093679,0.11590100000012171,0.43395590000000084
0,0.0,0.0,1.0,0.0,0.0,0.0,1.0,28.773561147333133,220,14,105,,1.0,127.2568386580844,0.1164825999999266,0.4832824999998593
0,0.0,0.0,0.0,0.0,0.0,0.0,1.0,26.491628967829204,221,14,60,,1.0,52.29575677860919,0.10027439999976195,0.4663018999999622
0,0.0,0.0,0.0,0.0,0.0,0.0,1.0,27.82081455722673,222,14,120,,1.0,139.5612461374368,0.10013389999994615,0.43325880000020334
0,0.0,0.0,1.0,0.0,0.0,0.0,1.0,36.23877252194266,223,14,105,,1.0,116.02004236447041,0.09976640000013504,0.5167057999997269
0,0.0,0.0,1.0,0.0,0.0,0.0,1.0,29.77876736404635,224,14,105,,1.0,117.83182756481801,0.3168500000001586,0.1990859000002274
0,0.0,0.0,1.0,0.0,0.0,0.0,1.0,28.398072038462622,225,15,105,,1.0,119.55818318305705,0.1000344999997651,0.4504365000002508
0,0.0,0.0,1.0,0.0,0.0,0.0,1.0,31.59319559523606,226,15,105,,1.0,117.38253357773765,0.09943470000007437,0.5001714999998512
0,0.0,0.0,0.0,0.0,0.0,0.0,1.0,23.06302409387191,227,15,75,,1.0,62.15743778568057,0.1007316999998693,0.4664834999998675
0,0.0,0.0,0.0,0.0,0.0,0.0,1.0,24.29756164324513,228,15,60,,1.0,46.741910804189324,0.08375989999967715,0.44995020000033037
0,0.0,0.0,0.0,0.0,0.0,0.0,1.0,29.96227427181815,229,15,90,,1.0,82.16890943694933,0.11634110000022702,0.450391800000034
0,0.0,0.0,1.0,0.0,0.0,0.0,1.0,35.99961208989794,230,15,105,,1.0,117.72825742231913,0.08330430000023625,0.48356909999984055
0,0.0,0.0,1.0,0.0,0.0,0.0,1.0,35.35071491771991,231,15,105,,1.0,114.34741606888642,0.21683020000000397,0.44970580000017435
0,0.0,0.0,0.0,0.0,0.0,0.0,1.0,27.59252893871981,232,15,135,,1.0,144.1357071408586,0.08301340000025448,0.4507357999996202
0,0.0,0.0,0.0,0.0,0.0,0.0,1.0,23.93135482493519,233,15,120,,1.0,132.80583264740127,0.13361970000005385,0.5163312999998197
0,0.0,0.0,1.0,0.0,0.0,0.0,1.0,28.603525337453167,234,15,105,,1.0,114.16483671622136,0.26595640000005005,0.33401939999976094
0,0.0,0.0,0.0,0.0,0.0,0.0,1.0,20.878796495494555,235,15,45,,1.0,39.254463313561985,0.08358980000002703,0.46682590000000346
0,0.0,0.0,1.0,0.0,0.0,0.0,1.0,28.772776476787985,236,15,105,,1.0,123.69006752597979,0.09968019999996613,0.6673779000002469
0,0.0,0.0,0.0,0.0,0.0,0.0,0.0,2.6980623855170984,237,1,135,You will not receive feedback of any kind for the following reaches.Please continue to slice through the target as quickly and accurately as possible.,1.0,145.97754589383067,0.09977109999999811,0.5175702000001365
0,0.0,0.0,0.0,0.0,0.0,0.0,0.0,0.4864993013640756,238,1,45,,1.0,34.33021719550332,0.10079719999976078,0.49935370000002877
0,0.0,0.0,0.0,0.0,0.0,0.0,0.0,3.934906123629318,239,1,105,,1.0,113.17948555286473,0.10048800000004121,0.46644240000023274
0,0.0,0.0,0.0,0.0,0.0,0.0,0.0,-1.238604184301191,240,1,75,,1.0,57.89875110416445,0.11624819999997271,0.5006663000003755
0,0.0,0.0,0.0,0.0,0.0,0.0,0.0,-1.342286272847426,241,1,60,,1.0,46.767185783295034,0.09987409999985175,0.4665290999996614
0,0.0,0.0,0.0,0.0,0.0,0.0,0.0,-2.984992897205605,242,1,90,,1.0,86.97839369035867,0.09635860000025787,0.5373242000000573
0,0.0,0.0,0.0,0.0,0.0,0.0,0.0,4.967655056018744,243,1,120,,1.0,138.9209947559235,0.09982080000008864,0.4665006000000176
0,0.0,0.0,0.0,0.0,0.0,0.0,0.0,-0.2875421665019149,244,2,135,,1.0,147.77664476925213,0.0996620000000803,0.41736009999976886
0,0.0,0.0,0.0,0.0,0.0,0.0,0.0,-2.437415412495874,245,2,45,,1.0,38.37249375718384,0.10017470000002504,0.46727640000017345
0,0.0,0.0,0.0,0.0,0.0,0.0,0.0,5.709462782546039,246,2,120,,1.0,133.49256424122504,0.1333761000000777,0.4834028999998736
0,0.0,0.0,0.0,0.0,0.0,0.0,0.0,-6.368054237332263,247,2,105,,1.0,113.50476383468096,0.11706790000016554,0.3998280999999224
0,0.0,0.0,0.0,0.0,0.0,0.0,0.0,3.1655411341545823,248,2,90,,1.0,82.35395185468155,0.14953690000038478,0.4838414999999259
0,0.0,0.0,0.0,0.0,0.0,0.0,0.0,0.934680318759065,249,2,60,,1.0,53.00642034548394,0.10071630000038567,0.448349700000108
0,0.0,0.0,0.0,0.0,0.0,0.0,0.0,-8.807498758677232,250,2,75,,1.0,66.97450799147197,0.07909329999984038,0.42101940000020477
0,0.0,0.0,1.0,0.0,0.0,0.0,0.0,0.4050078651841395,251,1,75,"You will now only see the cursor throughout your entire reach.
Please continue to slice through the target as quickly and accurately as possible.",1.0,65.84960534377281,0.10061069999983374,0.449963999999909
0,0.0,0.0,1.0,0.0,0.0,0.0,0.0,-3.220219112031114,252,1,105,,1.0,120.93584821498548,0.09986310000022058,0.46782519999987926
0,0.0,0.0,1.0,0.0,0.0,0.0,0.0,2.2962655456318792,253,1,120,,1.0,136.2951621958383,0.11697970000022906,0.5001077000001715
0,0.0,0.0,1.0,0.0,0.0,0.0,0.0,-2.14409157782484,254,1,135,,1.0,144.28559303527555,0.09969989999990503,0.5003130000000056
0,0.0,0.0,1.0,0.0,0.0,0.0,0.0,3.2008851019525557,255,1,90,,1.0,87.70283362605778,0.11686229999986608,0.5001953000000867
0,0.0,0.0,1.0,0.0,0.0,0.0,0.0,7.456223884580675,256,1,60,,1.0,49.135882521759015,0.10049409999965064,0.4828949000002467
0,0.0,0.0,1.0,0.0,0.0,0.0,0.0,-8.983305122148094,257,1,45,,1.0,36.6070748126075,0.8827175000001262,0.017085100000258535
0,0.0,0.0,1.0,0.0,0.0,0.0,0.0,-1.833375760832269,258,2,135,,1.0,141.9695137515254,0.08335040000019944,0.4663319999999658
0,0.0,0.0,1.0,0.0,0.0,0.0,0.0,5.728188944308832,259,2,105,,1.0,108.43494882292202,0.11575779999975566,0.40080559999978504
0,0.0,0.0,1.0,0.0,0.0,0.0,0.0,0.8734049859606504,260,2,75,,1.0,65.20277587877808,0.10068200000023353,0.4502141000002666
0,0.0,0.0,1.0,0.0,0.0,0.0,0.0,0.1417095919553437,261,2,60,,1.0,50.05230642934774,0.09889359999988301,0.4509972999999263
0,0.0,0.0,1.0,0.0,0.0,0.0,0.0,8.032680337776053,262,2,90,,1.0,80.80473245748307,0.18292239999982485,0.5500142000000778
0,0.0,0.0,1.0,0.0,0.0,0.0,0.0,1.701520283851478,263,2,120,,1.0,130.53768570137547,0.11564170000019658,0.4346720000003188
0,0.0,0.0,1.0,0.0,0.0,0.0,0.0,1.6963165644973186,264,2,45,,1.0,37.72913132419374,0.11646759999985079,0.46667559999968944
