condition,subject,trial,phase,cycle_phase,target_angle,cursor_vis,midpoint_vis,endpoint_vis,cursor_sig,cursor_mp_sig,cursor_ep_sig,clamp,rot,instruct_phase,instruct_state
low,15,1,baseline_no_fb,1,120,0.0,0.0,0.0,0.0,0.0,0.0,0.0,4.713665481072498,"Please slice through the target as quickly and accurately as possible.
You will not see the cursor during this phase.",1.0
low,15,2,baseline_no_fb,1,225,0.0,0.0,0.0,0.0,0.0,0.0,0.0,5.264635683713305,,1.0
low,15,3,baseline_no_fb,1,90,0.0,0.0,0.0,0.0,0.0,0.0,0.0,5.257966111345132,,1.0
low,15,4,baseline_no_fb,1,45,0.0,0.0,0.0,0.0,0.0,0.0,0.0,-5.57006727995104,,1.0
low,15,5,baseline_no_fb,1,180,0.0,0.0,0.0,0.0,0.0,0.0,0.0,-2.176340820828933,,1.0
low,15,6,baseline_no_fb,1,75,0.0,0.0,0.0,0.0,0.0,0.0,0.0,-2.025698199853298,,1.0
low,15,7,baseline_no_fb,1,0,0.0,0.0,0.0,0.0,0.0,0.0,0.0,4.3470084562057805,,1.0
low,15,8,baseline_no_fb,1,60,0.0,0.0,0.0,0.0,0.0,0.0,0.0,-5.129639691369434,,1.0
low,15,9,baseline_no_fb,1,270,0.0,0.0,0.0,0.0,0.0,0.0,0.0,-2.057330639888265,,1.0
low,15,10,baseline_no_fb,1,315,0.0,0.0,0.0,0.0,0.0,0.0,0.0,-0.8107265348109295,,1.0
low,15,11,baseline_no_fb,1,135,0.0,0.0,0.0,0.0,0.0,0.0,0.0,1.4316805859000112,,1.0
low,15,12,baseline_no_fb,1,105,0.0,0.0,0.0,0.0,0.0,0.0,0.0,1.679798539337168,,1.0
low,15,13,baseline_no_fb,2,180,0.0,0.0,0.0,0.0,0.0,0.0,0.0,0.8141804488720701,,1.0
low,15,14,baseline_no_fb,2,135,0.0,0.0,0.0,0.0,0.0,0.0,0.0,-2.760359957354193,,1.0
low,15,15,baseline_no_fb,2,120,0.0,0.0,0.0,0.0,0.0,0.0,0.0,3.7316768831456617,,1.0
low,15,16,baseline_no_fb,2,60,0.0,0.0,0.0,0.0,0.0,0.0,0.0,5.007682353068389,,1.0
low,15,17,baseline_no_fb,2,105,0.0,0.0,0.0,0.0,0.0,0.0,0.0,-0.13716266088659546,,1.0
low,15,18,baseline_no_fb,2,0,0.0,0.0,0.0,0.0,0.0,0.0,0.0,0.6809944584652856,,1.0
low,15,19,baseline_no_fb,2,315,0.0,0.0,0.0,0.0,0.0,0.0,0.0,3.8314433330881843,,1.0
low,15,20,baseline_no_fb,2,90,0.0,0.0,0.0,0.0,0.0,0.0,0.0,0.0968461380043055,,1.0
low,15,21,baseline_no_fb,2,45,0.0,0.0,0.0,0.0,0.0,0.0,0.0,3.0716561622432197,,1.0
low,15,22,baseline_no_fb,2,75,0.0,0.0,0.0,0.0,0.0,0.0,0.0,7.238669769535762,,1.0
low,15,23,baseline_no_fb,2,270,0.0,0.0,0.0,0.0,0.0,0.0,0.0,3.943300438607198,,1.0
low,15,24,baseline_no_fb,2,225,0.0,0.0,0.0,0.0,0.0,0.0,0.0,0.7299227183438312,,1.0
low,15,25,baseline_continuous_fb,1,270,1.0,0.0,1.0,0.0,0.0,0.0,0.0,-2.8562849954238194,"You will now only see the cursor throughout your entire reach.
Please continue to slice through the target as quickly and accurately as possible.",1.0
low,15,26,baseline_continuous_fb,1,135,1.0,0.0,1.0,0.0,0.0,0.0,0.0,-3.827857363526777,,1.0
low,15,27,baseline_continuous_fb,1,105,1.0,0.0,1.0,0.0,0.0,0.0,0.0,-0.07352237816824832,,1.0
low,15,28,baseline_continuous_fb,1,225,1.0,0.0,1.0,0.0,0.0,0.0,0.0,-5.443633888875388,,1.0
low,15,29,baseline_continuous_fb,1,45,1.0,0.0,1.0,0.0,0.0,0.0,0.0,3.652404119754608,,1.0
low,15,30,baseline_continuous_fb,1,75,1.0,0.0,1.0,0.0,0.0,0.0,0.0,1.8826404567268527,,1.0
low,15,31,baseline_continuous_fb,1,60,1.0,0.0,1.0,0.0,0.0,0.0,0.0,2.644325459609306,,1.0
low,15,32,baseline_continuous_fb,1,90,1.0,0.0,1.0,0.0,0.0,0.0,0.0,1.4012828602184244,,1.0
low,15,33,baseline_continuous_fb,1,0,1.0,0.0,1.0,0.0,0.0,0.0,0.0,2.726671892294945,,1.0
low,15,34,baseline_continuous_fb,1,180,1.0,0.0,1.0,0.0,0.0,0.0,0.0,-2.011172836803167,,1.0
low,15,35,baseline_continuous_fb,1,120,1.0,0.0,1.0,0.0,0.0,0.0,0.0,5.571208778699846,,1.0
low,15,36,baseline_continuous_fb,1,315,1.0,0.0,1.0,0.0,0.0,0.0,0.0,7.302527371944344,,1.0
low,15,37,baseline_continuous_fb,2,75,1.0,0.0,1.0,0.0,0.0,0.0,0.0,-3.8178101567460216,,1.0
low,15,38,baseline_continuous_fb,2,120,1.0,0.0,1.0,0.0,0.0,0.0,0.0,0.9992062933669449,,1.0
low,15,39,baseline_continuous_fb,2,0,1.0,0.0,1.0,0.0,0.0,0.0,0.0,7.030175201229355,,1.0
low,15,40,baseline_continuous_fb,2,105,1.0,0.0,1.0,0.0,0.0,0.0,0.0,5.40495453191471,,1.0
low,15,41,baseline_continuous_fb,2,270,1.0,0.0,1.0,0.0,0.0,0.0,0.0,-3.2472141170413646,,1.0
low,15,42,baseline_continuous_fb,2,225,1.0,0.0,1.0,0.0,0.0,0.0,0.0,6.031657805898,,1.0
low,15,43,baseline_continuous_fb,2,180,1.0,0.0,1.0,0.0,0.0,0.0,0.0,-8.045788656240038,,1.0
low,15,44,baseline_continuous_fb,2,60,1.0,0.0,1.0,0.0,0.0,0.0,0.0,-2.0987134689011957,,1.0
low,15,45,baseline_continuous_fb,2,135,1.0,0.0,1.0,0.0,0.0,0.0,0.0,1.3414285804976622,,1.0
low,15,46,baseline_continuous_fb,2,90,1.0,0.0,1.0,0.0,0.0,0.0,0.0,-1.1038496752183107,,1.0
low,15,47,baseline_continuous_fb,2,45,1.0,0.0,1.0,0.0,0.0,0.0,0.0,-3.1198434494259164,,1.0
low,15,48,baseline_continuous_fb,2,315,1.0,0.0,1.0,0.0,0.0,0.0,0.0,4.442109072042293,,1.0
low,15,49,baseline_endpoint_fb,1,270,0.0,0.0,1.0,0.0,0.0,0.0,0.0,4.673535305236647,"You will now only see the cursor only at the endpoint of your reach.
Please continue to slice through the target as quickly and accurately as possible.",1.0
low,15,50,baseline_endpoint_fb,1,120,0.0,0.0,1.0,0.0,0.0,0.0,0.0,-4.071046259955249,,1.0
low,15,51,baseline_endpoint_fb,1,135,0.0,0.0,1.0,0.0,0.0,0.0,0.0,-1.6226768055596472,,1.0
low,15,52,baseline_endpoint_fb,1,0,0.0,0.0,1.0,0.0,0.0,0.0,0.0,-4.3811569859195645,,1.0
low,15,53,baseline_endpoint_fb,1,90,0.0,0.0,1.0,0.0,0.0,0.0,0.0,-0.45359500581303597,,1.0
low,15,54,baseline_endpoint_fb,1,45,0.0,0.0,1.0,0.0,0.0,0.0,0.0,-5.158736003358701,,1.0
low,15,55,baseline_endpoint_fb,1,315,0.0,0.0,1.0,0.0,0.0,0.0,0.0,-2.807391061182753,,1.0
low,15,56,baseline_endpoint_fb,1,105,0.0,0.0,1.0,0.0,0.0,0.0,0.0,9.895025108102573,,1.0
low,15,57,baseline_endpoint_fb,1,75,0.0,0.0,1.0,0.0,0.0,0.0,0.0,6.452914818923505,,1.0
low,15,58,baseline_endpoint_fb,1,180,0.0,0.0,1.0,0.0,0.0,0.0,0.0,5.068028797361364,,1.0
low,15,59,baseline_endpoint_fb,1,225,0.0,0.0,1.0,0.0,0.0,0.0,0.0,-7.929671806485666,,1.0
low,15,60,baseline_endpoint_fb,1,60,0.0,0.0,1.0,0.0,0.0,0.0,0.0,9.056739952858562,,1.0
low,15,61,baseline_endpoint_fb,2,120,0.0,0.0,1.0,0.0,0.0,0.0,0.0,3.217100546510491,,1.0
low,15,62,baseline_endpoint_fb,2,60,0.0,0.0,1.0,0.0,0.0,0.0,0.0,-0.6379067501345262,,1.0
low,15,63,baseline_endpoint_fb,2,0,0.0,0.0,1.0,0.0,0.0,0.0,0.0,3.014568177568158,,1.0
low,15,64,baseline_endpoint_fb,2,225,0.0,0.0,1.0,0.0,0.0,0.0,0.0,5.089448837370578,,1.0
low,15,65,baseline_endpoint_fb,2,45,0.0,0.0,1.0,0.0,0.0,0.0,0.0,5.078070445493367,,1.0
low,15,66,baseline_endpoint_fb,2,315,0.0,0.0,1.0,0.0,0.0,0.0,0.0,2.917960995987371,,1.0
low,15,67,baseline_endpoint_fb,2,75,0.0,0.0,1.0,0.0,0.0,0.0,0.0,-3.8581962194495527,,1.0
low,15,68,baseline_endpoint_fb,2,105,0.0,0.0,1.0,0.0,0.0,0.0,0.0,3.6128134026926895,,1.0
low,15,69,baseline_endpoint_fb,2,90,0.0,0.0,1.0,0.0,0.0,0.0,0.0,1.1984452928666751,,1.0
low,15,70,baseline_endpoint_fb,2,180,0.0,0.0,1.0,0.0,0.0,0.0,0.0,-4.376533119003347,,1.0
low,15,71,baseline_endpoint_fb,2,270,0.0,0.0,1.0,0.0,0.0,0.0,0.0,-1.3715710144799222,,1.0
low,15,72,baseline_endpoint_fb,2,135,0.0,0.0,1.0,0.0,0.0,0.0,0.0,-2.1461359558824853,,1.0
low,15,73,baseline_mixed_fb,1,180,0.0,0.0,0.0,0.0,0.0,0.0,0.0,2.3352343745623405,"You will now only see the cursor at the endpoint of your reach on some trials.
On the other trials you will not recieve feedback at all.
Please continue to slice through the target as quickly and accurately as possible.",1.0
low,15,74,baseline_mixed_fb,1,75,0.0,0.0,1.0,0.0,0.0,0.0,0.0,3.0122754046877747,,1.0
low,15,75,baseline_mixed_fb,1,60,0.0,0.0,0.0,0.0,0.0,0.0,0.0,1.2628216853135124,,1.0
low,15,76,baseline_mixed_fb,1,105,0.0,0.0,1.0,0.0,0.0,0.0,0.0,5.881675798016701,,1.0
low,15,77,baseline_mixed_fb,1,270,0.0,0.0,1.0,0.0,0.0,0.0,0.0,0.6149740572832648,,1.0
low,15,78,baseline_mixed_fb,1,0,0.0,0.0,1.0,0.0,0.0,0.0,0.0,-3.3016012278162195,,1.0
low,15,79,baseline_mixed_fb,1,90,0.0,0.0,0.0,0.0,0.0,0.0,0.0,-1.0153213269266887,,1.0
low,15,80,baseline_mixed_fb,1,315,0.0,0.0,1.0,0.0,0.0,0.0,0.0,-4.559347281052834,,1.0
low,15,81,baseline_mixed_fb,1,120,0.0,0.0,1.0,0.0,0.0,0.0,0.0,-8.785876018455257,,1.0
low,15,82,baseline_mixed_fb,1,135,0.0,0.0,1.0,0.0,0.0,0.0,0.0,6.258706696658336,,1.0
low,15,83,baseline_mixed_fb,1,225,0.0,0.0,0.0,0.0,0.0,0.0,0.0,-3.2066934376163316,,1.0
low,15,84,baseline_mixed_fb,1,45,0.0,0.0,0.0,0.0,0.0,0.0,0.0,-6.984894230341538,,1.0
low,15,85,baseline_mixed_fb,2,270,0.0,0.0,0.0,0.0,0.0,0.0,0.0,-0.9689071419680537,,1.0
low,15,86,baseline_mixed_fb,2,90,0.0,0.0,0.0,0.0,0.0,0.0,0.0,-0.09213292833465589,,1.0
low,15,87,baseline_mixed_fb,2,135,0.0,0.0,1.0,0.0,0.0,0.0,0.0,-2.8855185911583603,,1.0
low,15,88,baseline_mixed_fb,2,75,0.0,0.0,0.0,0.0,0.0,0.0,0.0,1.4701942743462184,,1.0
low,15,89,baseline_mixed_fb,2,180,0.0,0.0,0.0,0.0,0.0,0.0,0.0,-1.3718247042289167,,1.0
low,15,90,baseline_mixed_fb,2,105,0.0,0.0,1.0,0.0,0.0,0.0,0.0,4.662444876232484,,1.0
low,15,91,baseline_mixed_fb,2,0,0.0,0.0,0.0,0.0,0.0,0.0,0.0,-6.254960852769835,,1.0
low,15,92,baseline_mixed_fb,2,225,0.0,0.0,1.0,0.0,0.0,0.0,0.0,4.557128137553115,,1.0
low,15,93,baseline_mixed_fb,2,315,0.0,0.0,1.0,0.0,0.0,0.0,0.0,1.3034723716558365,,1.0
low,15,94,baseline_mixed_fb,2,120,0.0,0.0,0.0,0.0,0.0,0.0,0.0,1.637820751855359,,1.0
low,15,95,baseline_mixed_fb,2,60,0.0,0.0,0.0,0.0,0.0,0.0,0.0,5.184572254850333,,1.0
low,15,96,baseline_mixed_fb,2,45,0.0,0.0,1.0,0.0,0.0,0.0,0.0,6.903053284096548,,1.0
low,15,97,generalisation,1,90,0.0,0.0,1.0,0.0,0.0,0.0,1.0,31.533502997435356,"You will now be asked to reach to targets that you have not yet reached to.
You will not receive feedback of any kind for these reaches.Please continue to slice through the target as quickly and accurately as possible.",1.0
low,15,98,generalisation,1,60,0.0,0.0,0.0,0.0,0.0,0.0,1.0,32.17007404414253,,1.0
low,15,99,generalisation,1,120,0.0,0.0,0.0,0.0,0.0,0.0,1.0,22.055631196076675,,1.0
low,15,100,generalisation,1,0,0.0,0.0,0.0,0.0,0.0,0.0,1.0,30.78880583736671,,1.0
low,15,101,generalisation,1,135,0.0,0.0,0.0,0.0,0.0,0.0,1.0,31.822476287056716,,1.0
low,15,102,generalisation,1,90,0.0,0.0,1.0,0.0,0.0,0.0,1.0,29.40272645447049,,1.0
low,15,103,generalisation,1,90,0.0,0.0,1.0,0.0,0.0,0.0,1.0,28.493458386216904,,1.0
low,15,104,generalisation,1,90,0.0,0.0,1.0,0.0,0.0,0.0,1.0,26.606708211775263,,1.0
low,15,105,generalisation,1,315,0.0,0.0,0.0,0.0,0.0,0.0,1.0,28.60584665743438,,1.0
low,15,106,generalisation,1,180,0.0,0.0,0.0,0.0,0.0,0.0,1.0,32.20766589332375,,1.0
low,15,107,generalisation,1,75,0.0,0.0,0.0,0.0,0.0,0.0,1.0,28.512855965052626,,1.0
low,15,108,generalisation,1,90,0.0,0.0,1.0,0.0,0.0,0.0,1.0,29.713841355435658,,1.0
low,15,109,generalisation,1,225,0.0,0.0,0.0,0.0,0.0,0.0,1.0,30.163318183651562,,1.0
low,15,110,generalisation,1,90,0.0,0.0,1.0,0.0,0.0,0.0,1.0,35.1426312735433,,1.0
low,15,111,generalisation,1,90,0.0,0.0,1.0,0.0,0.0,0.0,1.0,33.86452612536171,,1.0
low,15,112,generalisation,1,45,0.0,0.0,0.0,0.0,0.0,0.0,1.0,30.476832090560897,,1.0
low,15,113,generalisation,1,90,0.0,0.0,1.0,0.0,0.0,0.0,1.0,24.50102801205575,,1.0
low,15,114,generalisation,1,270,0.0,0.0,0.0,0.0,0.0,0.0,1.0,30.753156672381373,,1.0
low,15,115,generalisation,1,90,0.0,0.0,1.0,0.0,0.0,0.0,1.0,29.29351253394873,,1.0
low,15,116,generalisation,1,90,0.0,0.0,1.0,0.0,0.0,0.0,1.0,28.94953149809242,,1.0
low,15,117,generalisation,1,90,0.0,0.0,1.0,0.0,0.0,0.0,1.0,29.934512584870006,,1.0
low,15,118,generalisation,1,105,0.0,0.0,0.0,0.0,0.0,0.0,1.0,31.615960883931276,,1.0
low,15,119,generalisation,2,120,0.0,0.0,0.0,0.0,0.0,0.0,1.0,31.528228912298083,,1.0
low,15,120,generalisation,2,90,0.0,0.0,1.0,0.0,0.0,0.0,1.0,31.134204803497404,,1.0
low,15,121,generalisation,2,225,0.0,0.0,0.0,0.0,0.0,0.0,1.0,36.31281859914171,,1.0
low,15,122,generalisation,2,90,0.0,0.0,1.0,0.0,0.0,0.0,1.0,30.478078395386174,,1.0
low,15,123,generalisation,2,90,0.0,0.0,1.0,0.0,0.0,0.0,1.0,19.9241852959602,,1.0
low,15,124,generalisation,2,60,0.0,0.0,0.0,0.0,0.0,0.0,1.0,32.779476587470036,,1.0
low,15,125,generalisation,2,75,0.0,0.0,0.0,0.0,0.0,0.0,1.0,36.3310415394954,,1.0
low,15,126,generalisation,2,90,0.0,0.0,1.0,0.0,0.0,0.0,1.0,32.292627543068065,,1.0
low,15,127,generalisation,2,270,0.0,0.0,0.0,0.0,0.0,0.0,1.0,27.39740595447792,,1.0
low,15,128,generalisation,2,90,0.0,0.0,1.0,0.0,0.0,0.0,1.0,25.74862690407524,,1.0
low,15,129,generalisation,2,90,0.0,0.0,1.0,0.0,0.0,0.0,1.0,32.59499588974859,,1.0
low,15,130,generalisation,2,90,0.0,0.0,1.0,0.0,0.0,0.0,1.0,29.010472021345578,,1.0
low,15,131,generalisation,2,90,0.0,0.0,1.0,0.0,0.0,0.0,1.0,31.913513893938735,,1.0
low,15,132,generalisation,2,180,0.0,0.0,0.0,0.0,0.0,0.0,1.0,28.391565707335534,,1.0
low,15,133,generalisation,2,0,0.0,0.0,0.0,0.0,0.0,0.0,1.0,34.15052303821379,,1.0
low,15,134,generalisation,2,135,0.0,0.0,0.0,0.0,0.0,0.0,1.0,35.56944769165912,,1.0
low,15,135,generalisation,2,105,0.0,0.0,0.0,0.0,0.0,0.0,1.0,35.44357313691205,,1.0
low,15,136,generalisation,2,90,0.0,0.0,1.0,0.0,0.0,0.0,1.0,27.839259853477692,,1.0
low,15,137,generalisation,2,45,0.0,0.0,0.0,0.0,0.0,0.0,1.0,33.09081242767423,,1.0
low,15,138,generalisation,2,90,0.0,0.0,1.0,0.0,0.0,0.0,1.0,25.418778955749772,,1.0
low,15,139,generalisation,2,90,0.0,0.0,1.0,0.0,0.0,0.0,1.0,32.05672328956782,,1.0
low,15,140,generalisation,2,315,0.0,0.0,0.0,0.0,0.0,0.0,1.0,25.094201513870267,,1.0
low,15,141,generalisation,3,90,0.0,0.0,1.0,0.0,0.0,0.0,1.0,33.90790512801842,,1.0
low,15,142,generalisation,3,120,0.0,0.0,0.0,0.0,0.0,0.0,1.0,25.887199432568174,,1.0
low,15,143,generalisation,3,105,0.0,0.0,0.0,0.0,0.0,0.0,1.0,24.576843874904828,,1.0
low,15,144,generalisation,3,180,0.0,0.0,0.0,0.0,0.0,0.0,1.0,29.621880670879158,,1.0
low,15,145,generalisation,3,90,0.0,0.0,1.0,0.0,0.0,0.0,1.0,33.72110462079585,,1.0
low,15,146,generalisation,3,90,0.0,0.0,1.0,0.0,0.0,0.0,1.0,32.545988273611755,,1.0
low,15,147,generalisation,3,90,0.0,0.0,1.0,0.0,0.0,0.0,1.0,32.418440057339545,,1.0
low,15,148,generalisation,3,90,0.0,0.0,1.0,0.0,0.0,0.0,1.0,23.302133902376415,,1.0
low,15,149,generalisation,3,45,0.0,0.0,0.0,0.0,0.0,0.0,1.0,24.153019417758387,,1.0
low,15,150,generalisation,3,225,0.0,0.0,0.0,0.0,0.0,0.0,1.0,24.02260113468271,,1.0
low,15,151,generalisation,3,60,0.0,0.0,0.0,0.0,0.0,0.0,1.0,34.188003492413,,1.0
low,15,152,generalisation,3,90,0.0,0.0,1.0,0.0,0.0,0.0,1.0,21.441669554150018,,1.0
low,15,153,generalisation,3,270,0.0,0.0,0.0,0.0,0.0,0.0,1.0,33.96462160125975,,1.0
low,15,154,generalisation,3,90,0.0,0.0,1.0,0.0,0.0,0.0,1.0,24.967024572160867,,1.0
low,15,155,generalisation,3,315,0.0,0.0,0.0,0.0,0.0,0.0,1.0,30.432209943174353,,1.0
low,15,156,generalisation,3,0,0.0,0.0,0.0,0.0,0.0,0.0,1.0,31.13211814902886,,1.0
low,15,157,generalisation,3,135,0.0,0.0,0.0,0.0,0.0,0.0,1.0,29.582401989964424,,1.0
low,15,158,generalisation,3,90,0.0,0.0,1.0,0.0,0.0,0.0,1.0,26.025243250688632,,1.0
low,15,159,generalisation,3,90,0.0,0.0,1.0,0.0,0.0,0.0,1.0,26.12758562571452,,1.0
low,15,160,generalisation,3,90,0.0,0.0,1.0,0.0,0.0,0.0,1.0,37.50700982550229,,1.0
low,15,161,generalisation,3,75,0.0,0.0,0.0,0.0,0.0,0.0,1.0,29.48421205495327,,1.0
low,15,162,generalisation,3,90,0.0,0.0,1.0,0.0,0.0,0.0,1.0,28.000280831289516,,1.0
low,15,163,generalisation,4,90,0.0,0.0,1.0,0.0,0.0,0.0,1.0,24.51100569524472,,1.0
low,15,164,generalisation,4,90,0.0,0.0,1.0,0.0,0.0,0.0,1.0,28.67260330226082,,1.0
low,15,165,generalisation,4,135,0.0,0.0,0.0,0.0,0.0,0.0,1.0,30.29997366668599,,1.0
low,15,166,generalisation,4,180,0.0,0.0,0.0,0.0,0.0,0.0,1.0,29.27728662904903,,1.0
low,15,167,generalisation,4,90,0.0,0.0,1.0,0.0,0.0,0.0,1.0,23.62058444195064,,1.0
low,15,168,generalisation,4,90,0.0,0.0,1.0,0.0,0.0,0.0,1.0,25.396378689117515,,1.0
low,15,169,generalisation,4,0,0.0,0.0,0.0,0.0,0.0,0.0,1.0,31.097341676972707,,1.0
low,15,170,generalisation,4,90,0.0,0.0,1.0,0.0,0.0,0.0,1.0,32.67237930872611,,1.0
low,15,171,generalisation,4,60,0.0,0.0,0.0,0.0,0.0,0.0,1.0,37.1600560719388,,1.0
low,15,172,generalisation,4,90,0.0,0.0,1.0,0.0,0.0,0.0,1.0,24.13100225361501,,1.0
low,15,173,generalisation,4,75,0.0,0.0,0.0,0.0,0.0,0.0,1.0,29.185503031293457,,1.0
low,15,174,generalisation,4,90,0.0,0.0,1.0,0.0,0.0,0.0,1.0,28.067059903031478,,1.0
low,15,175,generalisation,4,120,0.0,0.0,0.0,0.0,0.0,0.0,1.0,29.346986101949728,,1.0
low,15,176,generalisation,4,90,0.0,0.0,1.0,0.0,0.0,0.0,1.0,32.408586271694695,,1.0
low,15,177,generalisation,4,45,0.0,0.0,0.0,0.0,0.0,0.0,1.0,41.722744688290945,,1.0
low,15,178,generalisation,4,225,0.0,0.0,0.0,0.0,0.0,0.0,1.0,26.195757237618967,,1.0
low,15,179,generalisation,4,90,0.0,0.0,1.0,0.0,0.0,0.0,1.0,32.76679324171746,,1.0
low,15,180,generalisation,4,315,0.0,0.0,0.0,0.0,0.0,0.0,1.0,29.258923079494814,,1.0
low,15,181,generalisation,4,90,0.0,0.0,1.0,0.0,0.0,0.0,1.0,27.87456929330185,,1.0
low,15,182,generalisation,4,90,0.0,0.0,1.0,0.0,0.0,0.0,1.0,28.66843343846641,,1.0
low,15,183,generalisation,4,105,0.0,0.0,0.0,0.0,0.0,0.0,1.0,27.808788511531375,,1.0
low,15,184,generalisation,4,270,0.0,0.0,0.0,0.0,0.0,0.0,1.0,27.927658499649304,,1.0
low,15,185,generalisation,5,90,0.0,0.0,1.0,0.0,0.0,0.0,1.0,27.007335922182346,,1.0
low,15,186,generalisation,5,90,0.0,0.0,1.0,0.0,0.0,0.0,1.0,31.134074482041072,,1.0
low,15,187,generalisation,5,90,0.0,0.0,1.0,0.0,0.0,0.0,1.0,26.559357743627835,,1.0
low,15,188,generalisation,5,90,0.0,0.0,1.0,0.0,0.0,0.0,1.0,30.048947682178262,,1.0
low,15,189,generalisation,5,90,0.0,0.0,1.0,0.0,0.0,0.0,1.0,28.148572512052997,,1.0
low,15,190,generalisation,5,90,0.0,0.0,1.0,0.0,0.0,0.0,1.0,35.235288046061534,,1.0
low,15,191,generalisation,5,90,0.0,0.0,1.0,0.0,0.0,0.0,1.0,29.452211768463265,,1.0
low,15,192,generalisation,5,0,0.0,0.0,0.0,0.0,0.0,0.0,1.0,29.3764013103439,,1.0
low,15,193,generalisation,5,75,0.0,0.0,0.0,0.0,0.0,0.0,1.0,27.790781505769672,,1.0
low,15,194,generalisation,5,315,0.0,0.0,0.0,0.0,0.0,0.0,1.0,26.181300004157904,,1.0
low,15,195,generalisation,5,120,0.0,0.0,0.0,0.0,0.0,0.0,1.0,34.665352823773695,,1.0
low,15,196,generalisation,5,90,0.0,0.0,1.0,0.0,0.0,0.0,1.0,27.993267312138997,,1.0
low,15,197,generalisation,5,45,0.0,0.0,0.0,0.0,0.0,0.0,1.0,28.757219886349084,,1.0
low,15,198,generalisation,5,270,0.0,0.0,0.0,0.0,0.0,0.0,1.0,24.474145222616283,,1.0
low,15,199,generalisation,5,90,0.0,0.0,1.0,0.0,0.0,0.0,1.0,28.93135662831187,,1.0
low,15,200,generalisation,5,225,0.0,0.0,0.0,0.0,0.0,0.0,1.0,20.13696936567943,,1.0
low,15,201,generalisation,5,135,0.0,0.0,0.0,0.0,0.0,0.0,1.0,22.309621000687162,,1.0
low,15,202,generalisation,5,90,0.0,0.0,1.0,0.0,0.0,0.0,1.0,24.015945509282233,,1.0
low,15,203,generalisation,5,180,0.0,0.0,0.0,0.0,0.0,0.0,1.0,33.62930381606021,,1.0
low,15,204,generalisation,5,90,0.0,0.0,1.0,0.0,0.0,0.0,1.0,27.421466032734212,,1.0
low,15,205,generalisation,5,60,0.0,0.0,0.0,0.0,0.0,0.0,1.0,31.031455065055887,,1.0
low,15,206,generalisation,5,105,0.0,0.0,0.0,0.0,0.0,0.0,1.0,32.90276112979563,,1.0
low,15,207,generalisation,6,0,0.0,0.0,0.0,0.0,0.0,0.0,1.0,32.143094041693324,,1.0
low,15,208,generalisation,6,90,0.0,0.0,1.0,0.0,0.0,0.0,1.0,30.289779124764966,,1.0
low,15,209,generalisation,6,105,0.0,0.0,0.0,0.0,0.0,0.0,1.0,29.96976248727433,,1.0
low,15,210,generalisation,6,135,0.0,0.0,0.0,0.0,0.0,0.0,1.0,26.933593258506953,,1.0
low,15,211,generalisation,6,270,0.0,0.0,0.0,0.0,0.0,0.0,1.0,32.678921762327334,,1.0
low,15,212,generalisation,6,90,0.0,0.0,1.0,0.0,0.0,0.0,1.0,30.246779707682272,,1.0
low,15,213,generalisation,6,60,0.0,0.0,0.0,0.0,0.0,0.0,1.0,27.625628219493205,,1.0
low,15,214,generalisation,6,90,0.0,0.0,1.0,0.0,0.0,0.0,1.0,32.27770838298473,,1.0
low,15,215,generalisation,6,90,0.0,0.0,1.0,0.0,0.0,0.0,1.0,28.576556517480046,,1.0
low,15,216,generalisation,6,90,0.0,0.0,1.0,0.0,0.0,0.0,1.0,32.91838812879915,,1.0
low,15,217,generalisation,6,90,0.0,0.0,1.0,0.0,0.0,0.0,1.0,28.82058537660487,,1.0
low,15,218,generalisation,6,225,0.0,0.0,0.0,0.0,0.0,0.0,1.0,33.27584202403468,,1.0
low,15,219,generalisation,6,75,0.0,0.0,0.0,0.0,0.0,0.0,1.0,24.04291477897913,,1.0
low,15,220,generalisation,6,120,0.0,0.0,0.0,0.0,0.0,0.0,1.0,28.979994174770884,,1.0
low,15,221,generalisation,6,315,0.0,0.0,0.0,0.0,0.0,0.0,1.0,33.86814103638378,,1.0
low,15,222,generalisation,6,45,0.0,0.0,0.0,0.0,0.0,0.0,1.0,30.073936796443107,,1.0
low,15,223,generalisation,6,90,0.0,0.0,1.0,0.0,0.0,0.0,1.0,35.452657136482415,,1.0
low,15,224,generalisation,6,90,0.0,0.0,1.0,0.0,0.0,0.0,1.0,34.25047651419222,,1.0
low,15,225,generalisation,6,90,0.0,0.0,1.0,0.0,0.0,0.0,1.0,27.33562913209864,,1.0
low,15,226,generalisation,6,180,0.0,0.0,0.0,0.0,0.0,0.0,1.0,30.177521213980683,,1.0
low,15,227,generalisation,6,90,0.0,0.0,1.0,0.0,0.0,0.0,1.0,32.743748810654324,,1.0
low,15,228,generalisation,6,90,0.0,0.0,1.0,0.0,0.0,0.0,1.0,33.04821611060602,,1.0
low,15,229,generalisation,7,90,0.0,0.0,1.0,0.0,0.0,0.0,1.0,32.214347087211195,,1.0
low,15,230,generalisation,7,90,0.0,0.0,1.0,0.0,0.0,0.0,1.0,31.109100983459225,,1.0
low,15,231,generalisation,7,90,0.0,0.0,1.0,0.0,0.0,0.0,1.0,29.161907899381372,,1.0
low,15,232,generalisation,7,315,0.0,0.0,0.0,0.0,0.0,0.0,1.0,33.42446706344678,,1.0
low,15,233,generalisation,7,270,0.0,0.0,0.0,0.0,0.0,0.0,1.0,36.612692145073815,,1.0
low,15,234,generalisation,7,90,0.0,0.0,1.0,0.0,0.0,0.0,1.0,36.94407933207664,,1.0
low,15,235,generalisation,7,0,0.0,0.0,0.0,0.0,0.0,0.0,1.0,27.441065191218122,,1.0
low,15,236,generalisation,7,120,0.0,0.0,0.0,0.0,0.0,0.0,1.0,31.500670178963404,,1.0
low,15,237,generalisation,7,90,0.0,0.0,1.0,0.0,0.0,0.0,1.0,28.55434058945765,,1.0
low,15,238,generalisation,7,75,0.0,0.0,0.0,0.0,0.0,0.0,1.0,29.08486492109195,,1.0
low,15,239,generalisation,7,225,0.0,0.0,0.0,0.0,0.0,0.0,1.0,28.920659034783057,,1.0
low,15,240,generalisation,7,60,0.0,0.0,0.0,0.0,0.0,0.0,1.0,31.755242509280293,,1.0
low,15,241,generalisation,7,90,0.0,0.0,1.0,0.0,0.0,0.0,1.0,31.858150060839204,,1.0
low,15,242,generalisation,7,90,0.0,0.0,1.0,0.0,0.0,0.0,1.0,28.91614203835246,,1.0
low,15,243,generalisation,7,90,0.0,0.0,1.0,0.0,0.0,0.0,1.0,28.659421915887727,,1.0
low,15,244,generalisation,7,180,0.0,0.0,0.0,0.0,0.0,0.0,1.0,31.082489669323657,,1.0
low,15,245,generalisation,7,135,0.0,0.0,0.0,0.0,0.0,0.0,1.0,23.33310055887953,,1.0
low,15,246,generalisation,7,90,0.0,0.0,1.0,0.0,0.0,0.0,1.0,26.17834339534259,,1.0
low,15,247,generalisation,7,90,0.0,0.0,1.0,0.0,0.0,0.0,1.0,28.913389397439175,,1.0
low,15,248,generalisation,7,90,0.0,0.0,1.0,0.0,0.0,0.0,1.0,24.2981088989738,,1.0
low,15,249,generalisation,7,45,0.0,0.0,0.0,0.0,0.0,0.0,1.0,28.85743846393604,,1.0
low,15,250,generalisation,7,105,0.0,0.0,0.0,0.0,0.0,0.0,1.0,26.797210700252332,,1.0
low,15,251,generalisation,8,45,0.0,0.0,0.0,0.0,0.0,0.0,1.0,33.06320556963915,,1.0
low,15,252,generalisation,8,0,0.0,0.0,0.0,0.0,0.0,0.0,1.0,23.403545765466397,,1.0
low,15,253,generalisation,8,120,0.0,0.0,0.0,0.0,0.0,0.0,1.0,31.942272469669227,,1.0
low,15,254,generalisation,8,270,0.0,0.0,0.0,0.0,0.0,0.0,1.0,32.16900786321178,,1.0
low,15,255,generalisation,8,90,0.0,0.0,1.0,0.0,0.0,0.0,1.0,39.361072110689406,,1.0
low,15,256,generalisation,8,90,0.0,0.0,1.0,0.0,0.0,0.0,1.0,30.10528798290109,,1.0
low,15,257,generalisation,8,90,0.0,0.0,1.0,0.0,0.0,0.0,1.0,28.301255656867866,,1.0
low,15,258,generalisation,8,90,0.0,0.0,1.0,0.0,0.0,0.0,1.0,30.2689870314693,,1.0
low,15,259,generalisation,8,225,0.0,0.0,0.0,0.0,0.0,0.0,1.0,30.427394618818983,,1.0
low,15,260,generalisation,8,90,0.0,0.0,1.0,0.0,0.0,0.0,1.0,27.594187713785267,,1.0
low,15,261,generalisation,8,315,0.0,0.0,0.0,0.0,0.0,0.0,1.0,34.023723298604466,,1.0
low,15,262,generalisation,8,105,0.0,0.0,0.0,0.0,0.0,0.0,1.0,25.261826745126456,,1.0
low,15,263,generalisation,8,75,0.0,0.0,0.0,0.0,0.0,0.0,1.0,22.61289478812291,,1.0
low,15,264,generalisation,8,90,0.0,0.0,1.0,0.0,0.0,0.0,1.0,37.39695734819772,,1.0
low,15,265,generalisation,8,90,0.0,0.0,1.0,0.0,0.0,0.0,1.0,25.9850355728667,,1.0
low,15,266,generalisation,8,90,0.0,0.0,1.0,0.0,0.0,0.0,1.0,30.710804562171756,,1.0
low,15,267,generalisation,8,180,0.0,0.0,0.0,0.0,0.0,0.0,1.0,34.18807571254182,,1.0
low,15,268,generalisation,8,90,0.0,0.0,1.0,0.0,0.0,0.0,1.0,31.66430476319119,,1.0
low,15,269,generalisation,8,90,0.0,0.0,1.0,0.0,0.0,0.0,1.0,30.900258764593026,,1.0
low,15,270,generalisation,8,135,0.0,0.0,0.0,0.0,0.0,0.0,1.0,31.663306068246335,,1.0
low,15,271,generalisation,8,90,0.0,0.0,1.0,0.0,0.0,0.0,1.0,31.59653311243636,,1.0
low,15,272,generalisation,8,60,0.0,0.0,0.0,0.0,0.0,0.0,1.0,32.992058462924,,1.0
low,15,273,generalisation,9,90,0.0,0.0,1.0,0.0,0.0,0.0,1.0,27.73274504878611,,1.0
low,15,274,generalisation,9,90,0.0,0.0,1.0,0.0,0.0,0.0,1.0,33.54674677935002,,1.0
low,15,275,generalisation,9,105,0.0,0.0,0.0,0.0,0.0,0.0,1.0,23.742897417513934,,1.0
low,15,276,generalisation,9,120,0.0,0.0,0.0,0.0,0.0,0.0,1.0,25.02147449039918,,1.0
low,15,277,generalisation,9,270,0.0,0.0,0.0,0.0,0.0,0.0,1.0,28.224180646559358,,1.0
low,15,278,generalisation,9,90,0.0,0.0,1.0,0.0,0.0,0.0,1.0,27.072461707902907,,1.0
low,15,279,generalisation,9,90,0.0,0.0,1.0,0.0,0.0,0.0,1.0,27.932263277710273,,1.0
low,15,280,generalisation,9,180,0.0,0.0,0.0,0.0,0.0,0.0,1.0,30.235847351000345,,1.0
low,15,281,generalisation,9,135,0.0,0.0,0.0,0.0,0.0,0.0,1.0,22.644197111080288,,1.0
low,15,282,generalisation,9,225,0.0,0.0,0.0,0.0,0.0,0.0,1.0,31.234319520441296,,1.0
low,15,283,generalisation,9,90,0.0,0.0,1.0,0.0,0.0,0.0,1.0,29.484603303536115,,1.0
low,15,284,generalisation,9,90,0.0,0.0,1.0,0.0,0.0,0.0,1.0,33.88691300167864,,1.0
low,15,285,generalisation,9,90,0.0,0.0,1.0,0.0,0.0,0.0,1.0,31.731740705035055,,1.0
low,15,286,generalisation,9,90,0.0,0.0,1.0,0.0,0.0,0.0,1.0,30.115933638796132,,1.0
low,15,287,generalisation,9,90,0.0,0.0,1.0,0.0,0.0,0.0,1.0,23.31097455471701,,1.0
low,15,288,generalisation,9,45,0.0,0.0,0.0,0.0,0.0,0.0,1.0,30.73558775313157,,1.0
low,15,289,generalisation,9,75,0.0,0.0,0.0,0.0,0.0,0.0,1.0,32.66534256206531,,1.0
low,15,290,generalisation,9,0,0.0,0.0,0.0,0.0,0.0,0.0,1.0,27.763045650690962,,1.0
low,15,291,generalisation,9,315,0.0,0.0,0.0,0.0,0.0,0.0,1.0,31.874321258879508,,1.0
low,15,292,generalisation,9,90,0.0,0.0,1.0,0.0,0.0,0.0,1.0,31.214619370447693,,1.0
low,15,293,generalisation,9,90,0.0,0.0,1.0,0.0,0.0,0.0,1.0,33.64076065023649,,1.0
low,15,294,generalisation,9,60,0.0,0.0,0.0,0.0,0.0,0.0,1.0,32.47676694532878,,1.0
low,15,295,generalisation,10,105,0.0,0.0,0.0,0.0,0.0,0.0,1.0,28.798936337597862,,1.0
low,15,296,generalisation,10,90,0.0,0.0,1.0,0.0,0.0,0.0,1.0,29.0441401305513,,1.0
low,15,297,generalisation,10,90,0.0,0.0,1.0,0.0,0.0,0.0,1.0,32.39053343634706,,1.0
low,15,298,generalisation,10,225,0.0,0.0,0.0,0.0,0.0,0.0,1.0,26.85603818859971,,1.0
low,15,299,generalisation,10,120,0.0,0.0,0.0,0.0,0.0,0.0,1.0,30.093721035964684,,1.0
low,15,300,generalisation,10,90,0.0,0.0,1.0,0.0,0.0,0.0,1.0,30.850969929038943,,1.0
low,15,301,generalisation,10,90,0.0,0.0,1.0,0.0,0.0,0.0,1.0,37.405114909648326,,1.0
low,15,302,generalisation,10,90,0.0,0.0,1.0,0.0,0.0,0.0,1.0,27.15425514434291,,1.0
low,15,303,generalisation,10,315,0.0,0.0,0.0,0.0,0.0,0.0,1.0,26.932441375564828,,1.0
low,15,304,generalisation,10,0,0.0,0.0,0.0,0.0,0.0,0.0,1.0,25.14545274652752,,1.0
low,15,305,generalisation,10,270,0.0,0.0,0.0,0.0,0.0,0.0,1.0,27.421923196885142,,1.0
low,15,306,generalisation,10,180,0.0,0.0,0.0,0.0,0.0,0.0,1.0,29.2470510384082,,1.0
low,15,307,generalisation,10,90,0.0,0.0,1.0,0.0,0.0,0.0,1.0,28.09464985998978,,1.0
low,15,308,generalisation,10,90,0.0,0.0,1.0,0.0,0.0,0.0,1.0,27.78339754506086,,1.0
low,15,309,generalisation,10,60,0.0,0.0,0.0,0.0,0.0,0.0,1.0,26.961563100893095,,1.0
low,15,310,generalisation,10,45,0.0,0.0,0.0,0.0,0.0,0.0,1.0,34.684101857456284,,1.0
low,15,311,generalisation,10,75,0.0,0.0,0.0,0.0,0.0,0.0,1.0,28.683354387548572,,1.0
low,15,312,generalisation,10,90,0.0,0.0,1.0,0.0,0.0,0.0,1.0,35.3159476956463,,1.0
low,15,313,generalisation,10,90,0.0,0.0,1.0,0.0,0.0,0.0,1.0,34.32474352969997,,1.0
low,15,314,generalisation,10,90,0.0,0.0,1.0,0.0,0.0,0.0,1.0,34.12759477720335,,1.0
low,15,315,generalisation,10,135,0.0,0.0,0.0,0.0,0.0,0.0,1.0,35.87287168744107,,1.0
low,15,316,generalisation,10,90,0.0,0.0,1.0,0.0,0.0,0.0,1.0,31.61731752863792,,1.0
low,15,317,generalisation,11,180,0.0,0.0,0.0,0.0,0.0,0.0,1.0,27.942274246899572,,1.0
low,15,318,generalisation,11,75,0.0,0.0,0.0,0.0,0.0,0.0,1.0,26.35870115798601,,1.0
low,15,319,generalisation,11,225,0.0,0.0,0.0,0.0,0.0,0.0,1.0,30.943545958993337,,1.0
low,15,320,generalisation,11,90,0.0,0.0,1.0,0.0,0.0,0.0,1.0,30.8452609437803,,1.0
low,15,321,generalisation,11,90,0.0,0.0,1.0,0.0,0.0,0.0,1.0,17.499045767906907,,1.0
low,15,322,generalisation,11,105,0.0,0.0,0.0,0.0,0.0,0.0,1.0,34.4662715587788,,1.0
low,15,323,generalisation,11,120,0.0,0.0,0.0,0.0,0.0,0.0,1.0,29.605967580888304,,1.0
low,15,324,generalisation,11,45,0.0,0.0,0.0,0.0,0.0,0.0,1.0,31.345901878832105,,1.0
low,15,325,generalisation,11,90,0.0,0.0,1.0,0.0,0.0,0.0,1.0,37.00956481599921,,1.0
low,15,326,generalisation,11,90,0.0,0.0,1.0,0.0,0.0,0.0,1.0,29.889387532208385,,1.0
low,15,327,generalisation,11,270,0.0,0.0,0.0,0.0,0.0,0.0,1.0,27.7524787396868,,1.0
low,15,328,generalisation,11,90,0.0,0.0,1.0,0.0,0.0,0.0,1.0,24.545243100267964,,1.0
low,15,329,generalisation,11,135,0.0,0.0,0.0,0.0,0.0,0.0,1.0,28.840251805814507,,1.0
low,15,330,generalisation,11,90,0.0,0.0,1.0,0.0,0.0,0.0,1.0,28.109923870898058,,1.0
low,15,331,generalisation,11,90,0.0,0.0,1.0,0.0,0.0,0.0,1.0,31.922523103922725,,1.0
low,15,332,generalisation,11,60,0.0,0.0,0.0,0.0,0.0,0.0,1.0,28.6641335006089,,1.0
low,15,333,generalisation,11,315,0.0,0.0,0.0,0.0,0.0,0.0,1.0,22.10067523386098,,1.0
low,15,334,generalisation,11,90,0.0,0.0,1.0,0.0,0.0,0.0,1.0,38.064624630749265,,1.0
low,15,335,generalisation,11,90,0.0,0.0,1.0,0.0,0.0,0.0,1.0,28.264804099335798,,1.0
low,15,336,generalisation,11,0,0.0,0.0,0.0,0.0,0.0,0.0,1.0,27.444404943611275,,1.0
low,15,337,generalisation,11,90,0.0,0.0,1.0,0.0,0.0,0.0,1.0,33.5434042425418,,1.0
low,15,338,generalisation,11,90,0.0,0.0,1.0,0.0,0.0,0.0,1.0,26.963287756433957,,1.0
low,15,339,generalisation,12,135,0.0,0.0,0.0,0.0,0.0,0.0,1.0,26.04254973116489,,1.0
low,15,340,generalisation,12,120,0.0,0.0,0.0,0.0,0.0,0.0,1.0,23.426324301902227,,1.0
low,15,341,generalisation,12,90,0.0,0.0,1.0,0.0,0.0,0.0,1.0,31.954843830130088,,1.0
low,15,342,generalisation,12,225,0.0,0.0,0.0,0.0,0.0,0.0,1.0,32.76826290262231,,1.0
low,15,343,generalisation,12,90,0.0,0.0,1.0,0.0,0.0,0.0,1.0,26.711332756510316,,1.0
low,15,344,generalisation,12,90,0.0,0.0,1.0,0.0,0.0,0.0,1.0,23.924948784185304,,1.0
low,15,345,generalisation,12,90,0.0,0.0,1.0,0.0,0.0,0.0,1.0,27.78595148951274,,1.0
low,15,346,generalisation,12,105,0.0,0.0,0.0,0.0,0.0,0.0,1.0,29.671477251931606,,1.0
low,15,347,generalisation,12,270,0.0,0.0,0.0,0.0,0.0,0.0,1.0,28.469322466222376,,1.0
low,15,348,generalisation,12,90,0.0,0.0,1.0,0.0,0.0,0.0,1.0,32.00873242051035,,1.0
low,15,349,generalisation,12,75,0.0,0.0,0.0,0.0,0.0,0.0,1.0,22.765887334622633,,1.0
low,15,350,generalisation,12,45,0.0,0.0,0.0,0.0,0.0,0.0,1.0,32.54446771751943,,1.0
low,15,351,generalisation,12,90,0.0,0.0,1.0,0.0,0.0,0.0,1.0,26.676779738673346,,1.0
low,15,352,generalisation,12,90,0.0,0.0,1.0,0.0,0.0,0.0,1.0,30.573340097691194,,1.0
low,15,353,generalisation,12,60,0.0,0.0,0.0,0.0,0.0,0.0,1.0,31.87632709779487,,1.0
low,15,354,generalisation,12,90,0.0,0.0,1.0,0.0,0.0,0.0,1.0,31.774736934178332,,1.0
low,15,355,generalisation,12,180,0.0,0.0,0.0,0.0,0.0,0.0,1.0,29.931487811767674,,1.0
low,15,356,generalisation,12,90,0.0,0.0,1.0,0.0,0.0,0.0,1.0,37.953702867651465,,1.0
low,15,357,generalisation,12,315,0.0,0.0,0.0,0.0,0.0,0.0,1.0,17.56472689810644,,1.0
low,15,358,generalisation,12,0,0.0,0.0,0.0,0.0,0.0,0.0,1.0,33.18031534728198,,1.0
low,15,359,generalisation,12,90,0.0,0.0,1.0,0.0,0.0,0.0,1.0,28.866650242547756,,1.0
low,15,360,generalisation,12,90,0.0,0.0,1.0,0.0,0.0,0.0,1.0,31.065303725267086,,1.0
low,15,361,generalisation,13,90,0.0,0.0,1.0,0.0,0.0,0.0,1.0,27.286199480289973,,1.0
low,15,362,generalisation,13,90,0.0,0.0,1.0,0.0,0.0,0.0,1.0,29.3912490933639,,1.0
low,15,363,generalisation,13,90,0.0,0.0,1.0,0.0,0.0,0.0,1.0,36.52414105597695,,1.0
low,15,364,generalisation,13,60,0.0,0.0,0.0,0.0,0.0,0.0,1.0,29.728173036362563,,1.0
low,15,365,generalisation,13,105,0.0,0.0,0.0,0.0,0.0,0.0,1.0,26.911426703289866,,1.0
low,15,366,generalisation,13,90,0.0,0.0,1.0,0.0,0.0,0.0,1.0,31.48224036175439,,1.0
low,15,367,generalisation,13,90,0.0,0.0,1.0,0.0,0.0,0.0,1.0,29.87093244508106,,1.0
low,15,368,generalisation,13,0,0.0,0.0,0.0,0.0,0.0,0.0,1.0,32.13930486611311,,1.0
low,15,369,generalisation,13,45,0.0,0.0,0.0,0.0,0.0,0.0,1.0,33.17238676037931,,1.0
low,15,370,generalisation,13,120,0.0,0.0,0.0,0.0,0.0,0.0,1.0,31.211077826014385,,1.0
low,15,371,generalisation,13,270,0.0,0.0,0.0,0.0,0.0,0.0,1.0,25.218433682992643,,1.0
low,15,372,generalisation,13,90,0.0,0.0,1.0,0.0,0.0,0.0,1.0,28.87522346005087,,1.0
low,15,373,generalisation,13,180,0.0,0.0,0.0,0.0,0.0,0.0,1.0,30.730471366460137,,1.0
low,15,374,generalisation,13,315,0.0,0.0,0.0,0.0,0.0,0.0,1.0,29.50802818473727,,1.0
low,15,375,generalisation,13,225,0.0,0.0,0.0,0.0,0.0,0.0,1.0,31.9451754130017,,1.0
low,15,376,generalisation,13,90,0.0,0.0,1.0,0.0,0.0,0.0,1.0,26.000123278203258,,1.0
low,15,377,generalisation,13,90,0.0,0.0,1.0,0.0,0.0,0.0,1.0,26.54073291837588,,1.0
low,15,378,generalisation,13,90,0.0,0.0,1.0,0.0,0.0,0.0,1.0,37.663217992033964,,1.0
low,15,379,generalisation,13,135,0.0,0.0,0.0,0.0,0.0,0.0,1.0,29.43495694282653,,1.0
low,15,380,generalisation,13,90,0.0,0.0,1.0,0.0,0.0,0.0,1.0,34.49482071039262,,1.0
low,15,381,generalisation,13,90,0.0,0.0,1.0,0.0,0.0,0.0,1.0,33.44961418721574,,1.0
low,15,382,generalisation,13,75,0.0,0.0,0.0,0.0,0.0,0.0,1.0,23.513374353433797,,1.0
low,15,383,generalisation,14,0,0.0,0.0,0.0,0.0,0.0,0.0,1.0,28.581344313082205,,1.0
low,15,384,generalisation,14,270,0.0,0.0,0.0,0.0,0.0,0.0,1.0,30.831152153440346,,1.0
low,15,385,generalisation,14,60,0.0,0.0,0.0,0.0,0.0,0.0,1.0,30.040047088170677,,1.0
low,15,386,generalisation,14,90,0.0,0.0,1.0,0.0,0.0,0.0,1.0,33.549134027169835,,1.0
low,15,387,generalisation,14,90,0.0,0.0,1.0,0.0,0.0,0.0,1.0,23.95032871564421,,1.0
low,15,388,generalisation,14,45,0.0,0.0,0.0,0.0,0.0,0.0,1.0,23.699718356249317,,1.0
low,15,389,generalisation,14,90,0.0,0.0,1.0,0.0,0.0,0.0,1.0,28.487630438493987,,1.0
low,15,390,generalisation,14,90,0.0,0.0,1.0,0.0,0.0,0.0,1.0,25.75740147205411,,1.0
low,15,391,generalisation,14,90,0.0,0.0,1.0,0.0,0.0,0.0,1.0,32.757930878322384,,1.0
low,15,392,generalisation,14,75,0.0,0.0,0.0,0.0,0.0,0.0,1.0,22.20731417111567,,1.0
low,15,393,generalisation,14,135,0.0,0.0,0.0,0.0,0.0,0.0,1.0,25.284275653256937,,1.0
low,15,394,generalisation,14,90,0.0,0.0,1.0,0.0,0.0,0.0,1.0,21.192648028953926,,1.0
low,15,395,generalisation,14,90,0.0,0.0,1.0,0.0,0.0,0.0,1.0,34.05100325224502,,1.0
low,15,396,generalisation,14,90,0.0,0.0,1.0,0.0,0.0,0.0,1.0,33.831768584666236,,1.0
low,15,397,generalisation,14,315,0.0,0.0,0.0,0.0,0.0,0.0,1.0,24.18135198643266,,1.0
low,15,398,generalisation,14,180,0.0,0.0,0.0,0.0,0.0,0.0,1.0,35.34637238130229,,1.0
low,15,399,generalisation,14,120,0.0,0.0,0.0,0.0,0.0,0.0,1.0,30.69548169823126,,1.0
low,15,400,generalisation,14,225,0.0,0.0,0.0,0.0,0.0,0.0,1.0,23.164824489751688,,1.0
low,15,401,generalisation,14,105,0.0,0.0,0.0,0.0,0.0,0.0,1.0,30.94397324320806,,1.0
low,15,402,generalisation,14,90,0.0,0.0,1.0,0.0,0.0,0.0,1.0,29.317470516062528,,1.0
low,15,403,generalisation,14,90,0.0,0.0,1.0,0.0,0.0,0.0,1.0,33.17441476975756,,1.0
low,15,404,generalisation,14,90,0.0,0.0,1.0,0.0,0.0,0.0,1.0,29.488079833491344,,1.0
low,15,405,generalisation,15,90,0.0,0.0,1.0,0.0,0.0,0.0,1.0,31.21614105145227,,1.0
low,15,406,generalisation,15,90,0.0,0.0,1.0,0.0,0.0,0.0,1.0,21.076994177855312,,1.0
low,15,407,generalisation,15,75,0.0,0.0,0.0,0.0,0.0,0.0,1.0,29.514348504644182,,1.0
low,15,408,generalisation,15,45,0.0,0.0,0.0,0.0,0.0,0.0,1.0,36.46022209533632,,1.0
low,15,409,generalisation,15,90,0.0,0.0,1.0,0.0,0.0,0.0,1.0,33.92857873028828,,1.0
low,15,410,generalisation,15,90,0.0,0.0,1.0,0.0,0.0,0.0,1.0,29.32912021036534,,1.0
low,15,411,generalisation,15,90,0.0,0.0,1.0,0.0,0.0,0.0,1.0,37.108414112551394,,1.0
low,15,412,generalisation,15,0,0.0,0.0,0.0,0.0,0.0,0.0,1.0,31.59452657249868,,1.0
low,15,413,generalisation,15,90,0.0,0.0,1.0,0.0,0.0,0.0,1.0,32.72497634224953,,1.0
low,15,414,generalisation,15,90,0.0,0.0,1.0,0.0,0.0,0.0,1.0,26.72015873085235,,1.0
low,15,415,generalisation,15,120,0.0,0.0,0.0,0.0,0.0,0.0,1.0,22.789685608056928,,1.0
low,15,416,generalisation,15,180,0.0,0.0,0.0,0.0,0.0,0.0,1.0,30.373644753717322,,1.0
low,15,417,generalisation,15,270,0.0,0.0,0.0,0.0,0.0,0.0,1.0,30.51325968901137,,1.0
low,15,418,generalisation,15,90,0.0,0.0,1.0,0.0,0.0,0.0,1.0,29.854244606382487,,1.0
low,15,419,generalisation,15,135,0.0,0.0,0.0,0.0,0.0,0.0,1.0,33.07976365522927,,1.0
low,15,420,generalisation,15,90,0.0,0.0,1.0,0.0,0.0,0.0,1.0,27.949268515616083,,1.0
low,15,421,generalisation,15,105,0.0,0.0,0.0,0.0,0.0,0.0,1.0,26.88287433570276,,1.0
low,15,422,generalisation,15,90,0.0,0.0,1.0,0.0,0.0,0.0,1.0,31.13371174043579,,1.0
low,15,423,generalisation,15,225,0.0,0.0,0.0,0.0,0.0,0.0,1.0,34.43996358575805,,1.0
low,15,424,generalisation,15,60,0.0,0.0,0.0,0.0,0.0,0.0,1.0,33.065630670980404,,1.0
low,15,425,generalisation,15,315,0.0,0.0,0.0,0.0,0.0,0.0,1.0,26.720417661581656,,1.0
low,15,426,generalisation,15,90,0.0,0.0,1.0,0.0,0.0,0.0,1.0,31.76578068339586,,1.0
low,15,427,washout_no_fb,1,75,0.0,0.0,0.0,0.0,0.0,0.0,0.0,6.4530009533805535,You will not receive feedback of any kind for the following reaches.Please continue to slice through the target as quickly and accurately as possible.,1.0
low,15,428,washout_no_fb,1,90,0.0,0.0,0.0,0.0,0.0,0.0,0.0,-5.391939907722877,,1.0
low,15,429,washout_no_fb,1,60,0.0,0.0,0.0,0.0,0.0,0.0,0.0,0.9796349682847859,,1.0
low,15,430,washout_no_fb,1,105,0.0,0.0,0.0,0.0,0.0,0.0,0.0,-4.266210597962457,,1.0
low,15,431,washout_no_fb,1,135,0.0,0.0,0.0,0.0,0.0,0.0,0.0,0.3417215949193092,,1.0
low,15,432,washout_no_fb,1,180,0.0,0.0,0.0,0.0,0.0,0.0,0.0,-0.6416502953576442,,1.0
low,15,433,washout_no_fb,1,45,0.0,0.0,0.0,0.0,0.0,0.0,0.0,0.6428438033269586,,1.0
low,15,434,washout_no_fb,1,0,0.0,0.0,0.0,0.0,0.0,0.0,0.0,-0.3569999231538379,,1.0
low,15,435,washout_no_fb,1,225,0.0,0.0,0.0,0.0,0.0,0.0,0.0,-9.21997737058673,,1.0
low,15,436,washout_no_fb,1,270,0.0,0.0,0.0,0.0,0.0,0.0,0.0,2.24860606920392,,1.0
low,15,437,washout_no_fb,1,315,0.0,0.0,0.0,0.0,0.0,0.0,0.0,2.720427204596008,,1.0
low,15,438,washout_no_fb,1,120,0.0,0.0,0.0,0.0,0.0,0.0,0.0,-1.5445223966220558,,1.0
low,15,439,washout_no_fb,2,315,0.0,0.0,0.0,0.0,0.0,0.0,0.0,5.060429312880561,,1.0
low,15,440,washout_no_fb,2,135,0.0,0.0,0.0,0.0,0.0,0.0,0.0,1.1289107980509119,,1.0
low,15,441,washout_no_fb,2,105,0.0,0.0,0.0,0.0,0.0,0.0,0.0,-2.1878931420309184,,1.0
low,15,442,washout_no_fb,2,45,0.0,0.0,0.0,0.0,0.0,0.0,0.0,-1.2250078426603446,,1.0
low,15,443,washout_no_fb,2,0,0.0,0.0,0.0,0.0,0.0,0.0,0.0,-5.711057240516111,,1.0
low,15,444,washout_no_fb,2,270,0.0,0.0,0.0,0.0,0.0,0.0,0.0,3.1257727426317263,,1.0
low,15,445,washout_no_fb,2,120,0.0,0.0,0.0,0.0,0.0,0.0,0.0,2.3176778848140414,,1.0
low,15,446,washout_no_fb,2,225,0.0,0.0,0.0,0.0,0.0,0.0,0.0,2.4117204504535925,,1.0
low,15,447,washout_no_fb,2,60,0.0,0.0,0.0,0.0,0.0,0.0,0.0,-2.313387735718946,,1.0
low,15,448,washout_no_fb,2,75,0.0,0.0,0.0,0.0,0.0,0.0,0.0,-1.1744106715596752,,1.0
low,15,449,washout_no_fb,2,180,0.0,0.0,0.0,0.0,0.0,0.0,0.0,4.6882417825208265,,1.0
low,15,450,washout_no_fb,2,90,0.0,0.0,0.0,0.0,0.0,0.0,0.0,-3.3263323606419593,,1.0
low,15,451,washout_fb,1,60,0.0,0.0,1.0,0.0,0.0,0.0,0.0,0.7597840266415735,"You will now only see the cursor throughout your entire reach.
Please continue to slice through the target as quickly and accurately as possible.",1.0
low,15,452,washout_fb,1,270,0.0,0.0,1.0,0.0,0.0,0.0,0.0,4.159723355604703,,1.0
low,15,453,washout_fb,1,315,0.0,0.0,1.0,0.0,0.0,0.0,0.0,8.356369066053714,,1.0
low,15,454,washout_fb,1,75,0.0,0.0,1.0,0.0,0.0,0.0,0.0,3.556781366403914,,1.0
low,15,455,washout_fb,1,45,0.0,0.0,1.0,0.0,0.0,0.0,0.0,1.610370403284584,,1.0
low,15,456,washout_fb,1,180,0.0,0.0,1.0,0.0,0.0,0.0,0.0,3.1156099254463694,,1.0
low,15,457,washout_fb,1,105,0.0,0.0,1.0,0.0,0.0,0.0,0.0,6.974899504292808,,1.0
low,15,458,washout_fb,1,120,0.0,0.0,1.0,0.0,0.0,0.0,0.0,4.398677690327396,,1.0
low,15,459,washout_fb,1,90,0.0,0.0,1.0,0.0,0.0,0.0,0.0,3.037394159575678,,1.0
low,15,460,washout_fb,1,0,0.0,0.0,1.0,0.0,0.0,0.0,0.0,1.1575505237072456,,1.0
low,15,461,washout_fb,1,225,0.0,0.0,1.0,0.0,0.0,0.0,0.0,-2.7714903865358242,,1.0
low,15,462,washout_fb,1,135,0.0,0.0,1.0,0.0,0.0,0.0,0.0,3.0699734144891195,,1.0
low,15,463,washout_fb,2,315,0.0,0.0,1.0,0.0,0.0,0.0,0.0,5.3209299637618,,1.0
low,15,464,washout_fb,2,90,0.0,0.0,1.0,0.0,0.0,0.0,0.0,3.2174616521242396,,1.0
low,15,465,washout_fb,2,105,0.0,0.0,1.0,0.0,0.0,0.0,0.0,-1.8524799373214742,,1.0
low,15,466,washout_fb,2,135,0.0,0.0,1.0,0.0,0.0,0.0,0.0,2.0602917664901796,,1.0
low,15,467,washout_fb,2,45,0.0,0.0,1.0,0.0,0.0,0.0,0.0,-4.760506512636852,,1.0
low,15,468,washout_fb,2,60,0.0,0.0,1.0,0.0,0.0,0.0,0.0,3.4971427650886495,,1.0
low,15,469,washout_fb,2,180,0.0,0.0,1.0,0.0,0.0,0.0,0.0,4.979757769747662,,1.0
low,15,470,washout_fb,2,75,0.0,0.0,1.0,0.0,0.0,0.0,0.0,3.4471518794968294,,1.0
low,15,471,washout_fb,2,270,0.0,0.0,1.0,0.0,0.0,0.0,0.0,-6.4414857053925125,,1.0
low,15,472,washout_fb,2,0,0.0,0.0,1.0,0.0,0.0,0.0,0.0,-5.095707520965314,,1.0
low,15,473,washout_fb,2,225,0.0,0.0,1.0,0.0,0.0,0.0,0.0,-0.6731303377496012,,1.0
low,15,474,washout_fb,2,120,0.0,0.0,1.0,0.0,0.0,0.0,0.0,0.7059535849593213,,1.0
